Fecha,Hora,Precio,SourceType,SourceFileName,SourceArchiveId,ExtractionTimestamp
2026-05-01,1,14.09,A2,A2_prdemcad_20260501_20260531,3,2026-06-08 23:03:13.729
2026-05-01,2,18.64,A2,A2_prdemcad_20260501_20260531,3,2026-06-08 23:03:13.729
2026-05-01,3,23.47,A2,A2_prdemcad_20260501_20260531,3,2026-06-08 23:03:13.729
2026-05-01,4,29.51,A2,A2_prdemcad_20260501_20260531,3,2026-06-08 23:03:13.729
2026-05-01,5,31.55,A2,A2_prdemcad_20260501_20260531,3,2026-06-08 23:03:13.729
2026-05-01,6,26.15,A2,A2_prdemcad_20260501_20260531,3,2026-06-08 23:03:13.729
2026-05-01,7,27.08,A2,A2_prdemcad_20260501_20260531,3,2026-06-08 23:03:13.729
2026-05-01,8,31.73,A2,A2_prdemcad_20260501_20260531,3,2026-06-08 23:03:13.729
2026-05-01,9,37.37,A2,A2_prdemcad_20260501_20260531,3,2026-06-08 23:03:13.729
2026-05-01,10,40.86,A2,A2_prdemcad_20260501_20260531,3,2026-06-08 23:03:13.729
2026-05-01,11,32.13,A2,A2_prdemcad_20260501_20260531,3,2026-06-08 23:03:13.729
2026-05-01,12,33.47,A2,A2_prdemcad_20260501_20260531,3,2026-06-08 23:03:13.729
2026-05-01,13,30.42,A2,A2_prdemcad_20260501_20260531,3,2026-06-08 23:03:13.729
2026-05-01,14,32.31,A2,A2_prdemcad_20260501_20260531,3,2026-06-08 23:03:13.729
2026-05-01,15,31.76,A2,A2_prdemcad_20260501_20260531,3,2026-06-08 23:03:13.729
2026-05-01,16,35.63,A2,A2_prdemcad_20260501_20260531,3,2026-06-08 23:03:13.729
2026-05-01,17,33.55,A2,A2_prdemcad_20260501_20260531,3,2026-06-08 23:03:13.729
2026-05-01,18,30.29,A2,A2_prdemcad_20260501_20260531,3,2026-06-08 23:03:13.729
2026-05-01,19,26.14,A2,A2_prdemcad_20260501_20260531,3,2026-06-08 23:03:13.729
2026-05-01,20,17.98,A2,A2_prdemcad_20260501_20260531,3,2026-06-08 23:03:13.729
2026-05-01,21,13.88,A2,A2_prdemcad_20260501_20260531,3,2026-06-08 23:03:13.729
2026-05-01,22,16.18,A2,A2_prdemcad_20260501_20260531,3,2026-06-08 23:03:13.729
2026-05-01,23,16.57,A2,A2_prdemcad_20260501_20260531,3,2026-06-08 23:03:13.729
2026-05-01,24,18.81,A2,A2_prdemcad_20260501_20260531,3,2026-06-08 23:03:13.729
2026-05-02,1,18.44,A2,A2_prdemcad_20260501_20260531,3,2026-06-08 23:03:13.729
2026-05-02,2,20.33,A2,A2_prdemcad_20260501_20260531,3,2026-06-08 23:03:13.729
2026-05-02,3,23.75,A2,A2_prdemcad_20260501_20260531,3,2026-06-08 23:03:13.729
2026-05-02,4,30.13,A2,A2_prdemcad_20260501_20260531,3,2026-06-08 23:03:13.729
2026-05-02,5,29.73,A2,A2_prdemcad_20260501_20260531,3,2026-06-08 23:03:13.729
2026-05-02,6,28.57,A2,A2_prdemcad_20260501_20260531,3,2026-06-08 23:03:13.729
2026-05-02,7,25.11,A2,A2_prdemcad_20260501_20260531,3,2026-06-08 23:03:13.729
2026-05-02,8,27.59,A2,A2_prdemcad_20260501_20260531,3,2026-06-08 23:03:13.729
2026-05-02,9,33.35,A2,A2_prdemcad_20260501_20260531,3,2026-06-08 23:03:13.729
2026-05-02,10,26.5,A2,A2_prdemcad_20260501_20260531,3,2026-06-08 23:03:13.729
2026-05-02,11,17.19,A2,A2_prdemcad_20260501_20260531,3,2026-06-08 23:03:13.729
2026-05-02,12,16.1,A2,A2_prdemcad_20260501_20260531,3,2026-06-08 23:03:13.729
2026-05-02,13,17.34,A2,A2_prdemcad_20260501_20260531,3,2026-06-08 23:03:13.729
2026-05-02,14,17.06,A2,A2_prdemcad_20260501_20260531,3,2026-06-08 23:03:13.729
2026-05-02,15,17.28,A2,A2_prdemcad_20260501_20260531,3,2026-06-08 23:03:13.729
2026-05-02,16,17.73,A2,A2_prdemcad_20260501_20260531,3,2026-06-08 23:03:13.729
2026-05-02,17,18.55,A2,A2_prdemcad_20260501_20260531,3,2026-06-08 23:03:13.729
2026-05-02,18,17.47,A2,A2_prdemcad_20260501_20260531,3,2026-06-08 23:03:13.729
2026-05-02,19,17.54,A2,A2_prdemcad_20260501_20260531,3,2026-06-08 23:03:13.729
2026-05-02,20,18.06,A2,A2_prdemcad_20260501_20260531,3,2026-06-08 23:03:13.729
2026-05-02,21,11.47,A2,A2_prdemcad_20260501_20260531,3,2026-06-08 23:03:13.729
2026-05-02,22,9.55,A2,A2_prdemcad_20260501_20260531,3,2026-06-08 23:03:13.729
2026-05-02,23,11.52,A2,A2_prdemcad_20260501_20260531,3,2026-06-08 23:03:13.729
2026-05-02,24,14.59,A2,A2_prdemcad_20260501_20260531,3,2026-06-08 23:03:13.729
2026-05-03,1,18.56,A2,A2_prdemcad_20260501_20260531,3,2026-06-08 23:03:13.729
2026-05-03,2,22.86,A2,A2_prdemcad_20260501_20260531,3,2026-06-08 23:03:13.729
2026-05-03,3,25.49,A2,A2_prdemcad_20260501_20260531,3,2026-06-08 23:03:13.729
2026-05-03,4,25.6,A2,A2_prdemcad_20260501_20260531,3,2026-06-08 23:03:13.729
2026-05-03,5,27.56,A2,A2_prdemcad_20260501_20260531,3,2026-06-08 23:03:13.729
2026-05-03,6,30.7,A2,A2_prdemcad_20260501_20260531,3,2026-06-08 23:03:13.729
2026-05-03,7,29.21,A2,A2_prdemcad_20260501_20260531,3,2026-06-08 23:03:13.729
2026-05-03,8,29.11,A2,A2_prdemcad_20260501_20260531,3,2026-06-08 23:03:13.729
2026-05-03,9,37.54,A2,A2_prdemcad_20260501_20260531,3,2026-06-08 23:03:13.729
2026-05-03,10,28.6,A2,A2_prdemcad_20260501_20260531,3,2026-06-08 23:03:13.729
2026-05-03,11,21.15,A2,A2_prdemcad_20260501_20260531,3,2026-06-08 23:03:13.729
2026-05-03,12,18.49,A2,A2_prdemcad_20260501_20260531,3,2026-06-08 23:03:13.729
2026-05-03,13,15.82,A2,A2_prdemcad_20260501_20260531,3,2026-06-08 23:03:13.729
2026-05-03,14,17.87,A2,A2_prdemcad_20260501_20260531,3,2026-06-08 23:03:13.729
2026-05-03,15,19.75,A2,A2_prdemcad_20260501_20260531,3,2026-06-08 23:03:13.729
2026-05-03,16,21.27,A2,A2_prdemcad_20260501_20260531,3,2026-06-08 23:03:13.729
2026-05-03,17,21.33,A2,A2_prdemcad_20260501_20260531,3,2026-06-08 23:03:13.729
2026-05-03,18,23.95,A2,A2_prdemcad_20260501_20260531,3,2026-06-08 23:03:13.729
2026-05-03,19,27.35,A2,A2_prdemcad_20260501_20260531,3,2026-06-08 23:03:13.729
2026-05-03,20,26.4,A2,A2_prdemcad_20260501_20260531,3,2026-06-08 23:03:13.729
2026-05-03,21,15.99,A2,A2_prdemcad_20260501_20260531,3,2026-06-08 23:03:13.729
2026-05-03,22,22.79,A2,A2_prdemcad_20260501_20260531,3,2026-06-08 23:03:13.729
2026-05-03,23,18.98,A2,A2_prdemcad_20260501_20260531,3,2026-06-08 23:03:13.729
2026-05-03,24,16.09,A2,A2_prdemcad_20260501_20260531,3,2026-06-08 23:03:13.729
2026-05-04,1,13.87,A2,A2_prdemcad_20260501_20260531,3,2026-06-08 23:03:13.729
2026-05-04,2,17.58,A2,A2_prdemcad_20260501_20260531,3,2026-06-08 23:03:13.729
2026-05-04,3,20.6,A2,A2_prdemcad_20260501_20260531,3,2026-06-08 23:03:13.729
2026-05-04,4,23.64,A2,A2_prdemcad_20260501_20260531,3,2026-06-08 23:03:13.729
2026-05-04,5,22.18,A2,A2_prdemcad_20260501_20260531,3,2026-06-08 23:03:13.729
2026-05-04,6,21.28,A2,A2_prdemcad_20260501_20260531,3,2026-06-08 23:03:13.729
2026-05-04,7,14.31,A2,A2_prdemcad_20260501_20260531,3,2026-06-08 23:03:13.729
2026-05-04,8,19.53,A2,A2_prdemcad_20260501_20260531,3,2026-06-08 23:03:13.729
2026-05-04,9,18.93,A2,A2_prdemcad_20260501_20260531,3,2026-06-08 23:03:13.729
2026-05-04,10,20.14,A2,A2_prdemcad_20260501_20260531,3,2026-06-08 23:03:13.729
2026-05-04,11,21.11,A2,A2_prdemcad_20260501_20260531,3,2026-06-08 23:03:13.729
2026-05-04,12,32.6,A2,A2_prdemcad_20260501_20260531,3,2026-06-08 23:03:13.729
2026-05-04,13,31.73,A2,A2_prdemcad_20260501_20260531,3,2026-06-08 23:03:13.729
2026-05-04,14,32.15,A2,A2_prdemcad_20260501_20260531,3,2026-06-08 23:03:13.729
2026-05-04,15,28.78,A2,A2_prdemcad_20260501_20260531,3,2026-06-08 23:03:13.729
2026-05-04,16,23.7,A2,A2_prdemcad_20260501_20260531,3,2026-06-08 23:03:13.729
2026-05-04,17,24.55,A2,A2_prdemcad_20260501_20260531,3,2026-06-08 23:03:13.729
2026-05-04,18,25.42,A2,A2_prdemcad_20260501_20260531,3,2026-06-08 23:03:13.729
2026-05-04,19,25.19,A2,A2_prdemcad_20260501_20260531,3,2026-06-08 23:03:13.729
2026-05-04,20,28.56,A2,A2_prdemcad_20260501_20260531,3,2026-06-08 23:03:13.729
2026-05-04,21,23.66,A2,A2_prdemcad_20260501_20260531,3,2026-06-08 23:03:13.729
2026-05-04,22,24.73,A2,A2_prdemcad_20260501_20260531,3,2026-06-08 23:03:13.729
2026-05-04,23,19.48,A2,A2_prdemcad_20260501_20260531,3,2026-06-08 23:03:13.729
2026-05-04,24,18.57,A2,A2_prdemcad_20260501_20260531,3,2026-06-08 23:03:13.729
2026-05-05,1,10.76,A2,A2_prdemcad_20260501_20260531,3,2026-06-08 23:03:13.729
2026-05-05,2,12.72,A2,A2_prdemcad_20260501_20260531,3,2026-06-08 23:03:13.729
2026-05-05,3,11.24,A2,A2_prdemcad_20260501_20260531,3,2026-06-08 23:03:13.729
2026-05-05,4,12.63,A2,A2_prdemcad_20260501_20260531,3,2026-06-08 23:03:13.729
2026-05-05,5,12.8,A2,A2_prdemcad_20260501_20260531,3,2026-06-08 23:03:13.729
2026-05-05,6,10.34,A2,A2_prdemcad_20260501_20260531,3,2026-06-08 23:03:13.729
2026-05-05,7,16.44,A2,A2_prdemcad_20260501_20260531,3,2026-06-08 23:03:13.729
2026-05-05,8,20.59,A2,A2_prdemcad_20260501_20260531,3,2026-06-08 23:03:13.729
2026-05-05,9,21.58,A2,A2_prdemcad_20260501_20260531,3,2026-06-08 23:03:13.729
2026-05-05,10,20.45,A2,A2_prdemcad_20260501_20260531,3,2026-06-08 23:03:13.729
2026-05-05,11,25.18,A2,A2_prdemcad_20260501_20260531,3,2026-06-08 23:03:13.729
2026-05-05,12,24.82,A2,A2_prdemcad_20260501_20260531,3,2026-06-08 23:03:13.729
2026-05-05,13,21.7,A2,A2_prdemcad_20260501_20260531,3,2026-06-08 23:03:13.729
2026-05-05,14,22.73,A2,A2_prdemcad_20260501_20260531,3,2026-06-08 23:03:13.729
2026-05-05,15,21.85,A2,A2_prdemcad_20260501_20260531,3,2026-06-08 23:03:13.729
2026-05-05,16,21.28,A2,A2_prdemcad_20260501_20260531,3,2026-06-08 23:03:13.729
2026-05-05,17,18.9,A2,A2_prdemcad_20260501_20260531,3,2026-06-08 23:03:13.729
2026-05-05,18,22.69,A2,A2_prdemcad_20260501_20260531,3,2026-06-08 23:03:13.729
2026-05-05,19,20.6,A2,A2_prdemcad_20260501_20260531,3,2026-06-08 23:03:13.729
2026-05-05,20,19.86,A2,A2_prdemcad_20260501_20260531,3,2026-06-08 23:03:13.729
2026-05-05,21,18.42,A2,A2_prdemcad_20260501_20260531,3,2026-06-08 23:03:13.729
2026-05-05,22,27.04,A2,A2_prdemcad_20260501_20260531,3,2026-06-08 23:03:13.729
2026-05-05,23,27.94,A2,A2_prdemcad_20260501_20260531,3,2026-06-08 23:03:13.729
2026-05-05,24,20.15,A2,A2_prdemcad_20260501_20260531,3,2026-06-08 23:03:13.729
2026-05-06,1,11.4,A2,A2_prdemcad_20260501_20260531,3,2026-06-08 23:03:13.729
2026-05-06,2,13.59,A2,A2_prdemcad_20260501_20260531,3,2026-06-08 23:03:13.729
2026-05-06,3,17.95,A2,A2_prdemcad_20260501_20260531,3,2026-06-08 23:03:13.729
2026-05-06,4,14.0,A2,A2_prdemcad_20260501_20260531,3,2026-06-08 23:03:13.729
2026-05-06,5,10.96,A2,A2_prdemcad_20260501_20260531,3,2026-06-08 23:03:13.729
2026-05-06,6,11.85,A2,A2_prdemcad_20260501_20260531,3,2026-06-08 23:03:13.729
2026-05-06,7,28.39,A2,A2_prdemcad_20260501_20260531,3,2026-06-08 23:03:13.729
2026-05-06,8,32.11,A2,A2_prdemcad_20260501_20260531,3,2026-06-08 23:03:13.729
2026-05-06,9,21.79,A2,A2_prdemcad_20260501_20260531,3,2026-06-08 23:03:13.729
2026-05-06,10,22.36,A2,A2_prdemcad_20260501_20260531,3,2026-06-08 23:03:13.729
2026-05-06,11,27.96,A2,A2_prdemcad_20260501_20260531,3,2026-06-08 23:03:13.729
2026-05-06,12,29.08,A2,A2_prdemcad_20260501_20260531,3,2026-06-08 23:03:13.729
2026-05-06,13,24.87,A2,A2_prdemcad_20260501_20260531,3,2026-06-08 23:03:13.729
2026-05-06,14,22.0,A2,A2_prdemcad_20260501_20260531,3,2026-06-08 23:03:13.729
2026-05-06,15,26.98,A2,A2_prdemcad_20260501_20260531,3,2026-06-08 23:03:13.729
2026-05-06,16,22.48,A2,A2_prdemcad_20260501_20260531,3,2026-06-08 23:03:13.729
2026-05-06,17,21.57,A2,A2_prdemcad_20260501_20260531,3,2026-06-08 23:03:13.729
2026-05-06,18,19.19,A2,A2_prdemcad_20260501_20260531,3,2026-06-08 23:03:13.729
2026-05-06,19,20.42,A2,A2_prdemcad_20260501_20260531,3,2026-06-08 23:03:13.729
2026-05-06,20,19.62,A2,A2_prdemcad_20260501_20260531,3,2026-06-08 23:03:13.729
2026-05-06,21,22.8,A2,A2_prdemcad_20260501_20260531,3,2026-06-08 23:03:13.729
2026-05-06,22,26.82,A2,A2_prdemcad_20260501_20260531,3,2026-06-08 23:03:13.729
2026-05-06,23,25.38,A2,A2_prdemcad_20260501_20260531,3,2026-06-08 23:03:13.729
2026-05-06,24,19.88,A2,A2_prdemcad_20260501_20260531,3,2026-06-08 23:03:13.729
2026-05-07,1,9.31,A2,A2_prdemcad_20260501_20260531,3,2026-06-08 23:03:13.729
2026-05-07,2,11.21,A2,A2_prdemcad_20260501_20260531,3,2026-06-08 23:03:13.729
2026-05-07,3,9.91,A2,A2_prdemcad_20260501_20260531,3,2026-06-08 23:03:13.729
2026-05-07,4,10.17,A2,A2_prdemcad_20260501_20260531,3,2026-06-08 23:03:13.729
2026-05-07,5,9.82,A2,A2_prdemcad_20260501_20260531,3,2026-06-08 23:03:13.729
2026-05-07,6,9.95,A2,A2_prdemcad_20260501_20260531,3,2026-06-08 23:03:13.729
2026-05-07,7,22.14,A2,A2_prdemcad_20260501_20260531,3,2026-06-08 23:03:13.729
2026-05-07,8,28.65,A2,A2_prdemcad_20260501_20260531,3,2026-06-08 23:03:13.729
2026-05-07,9,25.87,A2,A2_prdemcad_20260501_20260531,3,2026-06-08 23:03:13.729
2026-05-07,10,18.53,A2,A2_prdemcad_20260501_20260531,3,2026-06-08 23:03:13.729
2026-05-07,11,16.2,A2,A2_prdemcad_20260501_20260531,3,2026-06-08 23:03:13.729
2026-05-07,12,17.36,A2,A2_prdemcad_20260501_20260531,3,2026-06-08 23:03:13.729
2026-05-07,13,15.39,A2,A2_prdemcad_20260501_20260531,3,2026-06-08 23:03:13.729
2026-05-07,14,16.07,A2,A2_prdemcad_20260501_20260531,3,2026-06-08 23:03:13.729
2026-05-07,15,14.6,A2,A2_prdemcad_20260501_20260531,3,2026-06-08 23:03:13.729
2026-05-07,16,15.01,A2,A2_prdemcad_20260501_20260531,3,2026-06-08 23:03:13.729
2026-05-07,17,15.94,A2,A2_prdemcad_20260501_20260531,3,2026-06-08 23:03:13.729
2026-05-07,18,18.33,A2,A2_prdemcad_20260501_20260531,3,2026-06-08 23:03:13.729
2026-05-07,19,20.83,A2,A2_prdemcad_20260501_20260531,3,2026-06-08 23:03:13.729
2026-05-07,20,19.39,A2,A2_prdemcad_20260501_20260531,3,2026-06-08 23:03:13.729
2026-05-07,21,23.87,A2,A2_prdemcad_20260501_20260531,3,2026-06-08 23:03:13.729
2026-05-07,22,29.5,A2,A2_prdemcad_20260501_20260531,3,2026-06-08 23:03:13.729
2026-05-07,23,31.48,A2,A2_prdemcad_20260501_20260531,3,2026-06-08 23:03:13.729
2026-05-07,24,27.11,A2,A2_prdemcad_20260501_20260531,3,2026-06-08 23:03:13.729
2026-05-08,1,15.01,A2,A2_prdemcad_20260501_20260531,3,2026-06-08 23:03:13.729
2026-05-08,2,17.37,A2,A2_prdemcad_20260501_20260531,3,2026-06-08 23:03:13.729
2026-05-08,3,19.4,A2,A2_prdemcad_20260501_20260531,3,2026-06-08 23:03:13.729
2026-05-08,4,10.22,A2,A2_prdemcad_20260501_20260531,3,2026-06-08 23:03:13.729
2026-05-08,5,10.6,A2,A2_prdemcad_20260501_20260531,3,2026-06-08 23:03:13.729
2026-05-08,6,9.38,A2,A2_prdemcad_20260501_20260531,3,2026-06-08 23:03:13.729
2026-05-08,7,10.01,A2,A2_prdemcad_20260501_20260531,3,2026-06-08 23:03:13.729
2026-05-08,8,22.16,A2,A2_prdemcad_20260501_20260531,3,2026-06-08 23:03:13.729
2026-05-08,9,25.13,A2,A2_prdemcad_20260501_20260531,3,2026-06-08 23:03:13.729
2026-05-08,10,18.11,A2,A2_prdemcad_20260501_20260531,3,2026-06-08 23:03:13.729
2026-05-08,11,20.08,A2,A2_prdemcad_20260501_20260531,3,2026-06-08 23:03:13.729
2026-05-08,12,21.76,A2,A2_prdemcad_20260501_20260531,3,2026-06-08 23:03:13.729
2026-05-08,13,23.83,A2,A2_prdemcad_20260501_20260531,3,2026-06-08 23:03:13.729
2026-05-08,14,22.19,A2,A2_prdemcad_20260501_20260531,3,2026-06-08 23:03:13.729
2026-05-08,15,17.9,A2,A2_prdemcad_20260501_20260531,3,2026-06-08 23:03:13.729
2026-05-08,16,17.02,A2,A2_prdemcad_20260501_20260531,3,2026-06-08 23:03:13.729
2026-05-08,17,17.49,A2,A2_prdemcad_20260501_20260531,3,2026-06-08 23:03:13.729
2026-05-08,18,17.14,A2,A2_prdemcad_20260501_20260531,3,2026-06-08 23:03:13.729
2026-05-08,19,17.08,A2,A2_prdemcad_20260501_20260531,3,2026-06-08 23:03:13.729
2026-05-08,20,22.88,A2,A2_prdemcad_20260501_20260531,3,2026-06-08 23:03:13.729
2026-05-08,21,24.72,A2,A2_prdemcad_20260501_20260531,3,2026-06-08 23:03:13.729
2026-05-08,22,26.54,A2,A2_prdemcad_20260501_20260531,3,2026-06-08 23:03:13.729
2026-05-08,23,22.0,A2,A2_prdemcad_20260501_20260531,3,2026-06-08 23:03:13.729
2026-05-08,24,15.96,A2,A2_prdemcad_20260501_20260531,3,2026-06-08 23:03:13.729
2026-05-09,1,14.54,A2,A2_prdemcad_20260501_20260531,3,2026-06-08 23:03:13.729
2026-05-09,2,16.32,A2,A2_prdemcad_20260501_20260531,3,2026-06-08 23:03:13.729
2026-05-09,3,20.97,A2,A2_prdemcad_20260501_20260531,3,2026-06-08 23:03:13.729
2026-05-09,4,22.82,A2,A2_prdemcad_20260501_20260531,3,2026-06-08 23:03:13.729
2026-05-09,5,22.55,A2,A2_prdemcad_20260501_20260531,3,2026-06-08 23:03:13.729
2026-05-09,6,24.27,A2,A2_prdemcad_20260501_20260531,3,2026-06-08 23:03:13.729
2026-05-09,7,23.09,A2,A2_prdemcad_20260501_20260531,3,2026-06-08 23:03:13.729
2026-05-09,8,29.59,A2,A2_prdemcad_20260501_20260531,3,2026-06-08 23:03:13.729
2026-05-09,9,32.17,A2,A2_prdemcad_20260501_20260531,3,2026-06-08 23:03:13.729
2026-05-09,10,18.69,A2,A2_prdemcad_20260501_20260531,3,2026-06-08 23:03:13.729
2026-05-09,11,14.81,A2,A2_prdemcad_20260501_20260531,3,2026-06-08 23:03:13.729
2026-05-09,12,13.49,A2,A2_prdemcad_20260501_20260531,3,2026-06-08 23:03:13.729
2026-05-09,13,15.37,A2,A2_prdemcad_20260501_20260531,3,2026-06-08 23:03:13.729
2026-05-09,14,15.12,A2,A2_prdemcad_20260501_20260531,3,2026-06-08 23:03:13.729
2026-05-09,15,15.79,A2,A2_prdemcad_20260501_20260531,3,2026-06-08 23:03:13.729
2026-05-09,16,10.21,A2,A2_prdemcad_20260501_20260531,3,2026-06-08 23:03:13.729
2026-05-09,17,17.37,A2,A2_prdemcad_20260501_20260531,3,2026-06-08 23:03:13.729
2026-05-09,18,16.98,A2,A2_prdemcad_20260501_20260531,3,2026-06-08 23:03:13.729
2026-05-09,19,15.49,A2,A2_prdemcad_20260501_20260531,3,2026-06-08 23:03:13.729
2026-05-09,20,14.96,A2,A2_prdemcad_20260501_20260531,3,2026-06-08 23:03:13.729
2026-05-09,21,11.53,A2,A2_prdemcad_20260501_20260531,3,2026-06-08 23:03:13.729
2026-05-09,22,5.95,A2,A2_prdemcad_20260501_20260531,3,2026-06-08 23:03:13.729
2026-05-09,23,11.53,A2,A2_prdemcad_20260501_20260531,3,2026-06-08 23:03:13.729
2026-05-09,24,10.3,A2,A2_prdemcad_20260501_20260531,3,2026-06-08 23:03:13.729
2026-05-10,1,18.69,A2,A2_prdemcad_20260501_20260531,3,2026-06-08 23:03:13.729
2026-05-10,2,21.8,A2,A2_prdemcad_20260501_20260531,3,2026-06-08 23:03:13.729
2026-05-10,3,30.14,A2,A2_prdemcad_20260501_20260531,3,2026-06-08 23:03:13.729
2026-05-10,4,31.36,A2,A2_prdemcad_20260501_20260531,3,2026-06-08 23:03:13.729
2026-05-10,5,32.43,A2,A2_prdemcad_20260501_20260531,3,2026-06-08 23:03:13.729
2026-05-10,6,34.46,A2,A2_prdemcad_20260501_20260531,3,2026-06-08 23:03:13.729
2026-05-10,7,34.75,A2,A2_prdemcad_20260501_20260531,3,2026-06-08 23:03:13.729
2026-05-10,8,37.96,A2,A2_prdemcad_20260501_20260531,3,2026-06-08 23:03:13.729
2026-05-10,9,43.13,A2,A2_prdemcad_20260501_20260531,3,2026-06-08 23:03:13.729
2026-05-10,10,22.67,A2,A2_prdemcad_20260501_20260531,3,2026-06-08 23:03:13.729
2026-05-10,11,20.94,A2,A2_prdemcad_20260501_20260531,3,2026-06-08 23:03:13.729
2026-05-10,12,18.8,A2,A2_prdemcad_20260501_20260531,3,2026-06-08 23:03:13.729
2026-05-10,13,18.68,A2,A2_prdemcad_20260501_20260531,3,2026-06-08 23:03:13.729
2026-05-10,14,17.84,A2,A2_prdemcad_20260501_20260531,3,2026-06-08 23:03:13.729
2026-05-10,15,18.68,A2,A2_prdemcad_20260501_20260531,3,2026-06-08 23:03:13.729
2026-05-10,16,19.45,A2,A2_prdemcad_20260501_20260531,3,2026-06-08 23:03:13.729
2026-05-10,17,20.51,A2,A2_prdemcad_20260501_20260531,3,2026-06-08 23:03:13.729
2026-05-10,18,19.96,A2,A2_prdemcad_20260501_20260531,3,2026-06-08 23:03:13.729
2026-05-10,19,17.44,A2,A2_prdemcad_20260501_20260531,3,2026-06-08 23:03:13.729
2026-05-10,20,13.16,A2,A2_prdemcad_20260501_20260531,3,2026-06-08 23:03:13.729
2026-05-10,21,7.43,A2,A2_prdemcad_20260501_20260531,3,2026-06-08 23:03:13.729
2026-05-10,22,0.96,A2,A2_prdemcad_20260501_20260531,3,2026-06-08 23:03:13.729
2026-05-10,23,11.21,A2,A2_prdemcad_20260501_20260531,3,2026-06-08 23:03:13.729
2026-05-10,24,10.32,A2,A2_prdemcad_20260501_20260531,3,2026-06-08 23:03:13.729
2026-05-11,1,19.99,A2,A2_prdemcad_20260501_20260531,3,2026-06-08 23:03:13.729
2026-05-11,2,23.03,A2,A2_prdemcad_20260501_20260531,3,2026-06-08 23:03:13.729
2026-05-11,3,28.45,A2,A2_prdemcad_20260501_20260531,3,2026-06-08 23:03:13.729
2026-05-11,4,28.11,A2,A2_prdemcad_20260501_20260531,3,2026-06-08 23:03:13.729
2026-05-11,5,31.72,A2,A2_prdemcad_20260501_20260531,3,2026-06-08 23:03:13.729
2026-05-11,6,27.91,A2,A2_prdemcad_20260501_20260531,3,2026-06-08 23:03:13.729
2026-05-11,7,20.27,A2,A2_prdemcad_20260501_20260531,3,2026-06-08 23:03:13.729
2026-05-11,8,17.01,A2,A2_prdemcad_20260501_20260531,3,2026-06-08 23:03:13.729
2026-05-11,9,20.13,A2,A2_prdemcad_20260501_20260531,3,2026-06-08 23:03:13.729
2026-05-11,10,16.55,A2,A2_prdemcad_20260501_20260531,3,2026-06-08 23:03:13.729
2026-05-11,11,18.03,A2,A2_prdemcad_20260501_20260531,3,2026-06-08 23:03:13.729
2026-05-11,12,18.22,A2,A2_prdemcad_20260501_20260531,3,2026-06-08 23:03:13.729
2026-05-11,13,21.04,A2,A2_prdemcad_20260501_20260531,3,2026-06-08 23:03:13.729
2026-05-11,14,20.63,A2,A2_prdemcad_20260501_20260531,3,2026-06-08 23:03:13.729
2026-05-11,15,22.15,A2,A2_prdemcad_20260501_20260531,3,2026-06-08 23:03:13.729
2026-05-11,16,23.35,A2,A2_prdemcad_20260501_20260531,3,2026-06-08 23:03:13.729
2026-05-11,17,24.0,A2,A2_prdemcad_20260501_20260531,3,2026-06-08 23:03:13.729
2026-05-11,18,20.91,A2,A2_prdemcad_20260501_20260531,3,2026-06-08 23:03:13.729
2026-05-11,19,19.51,A2,A2_prdemcad_20260501_20260531,3,2026-06-08 23:03:13.729
2026-05-11,20,24.34,A2,A2_prdemcad_20260501_20260531,3,2026-06-08 23:03:13.729
2026-05-11,21,23.07,A2,A2_prdemcad_20260501_20260531,3,2026-06-08 23:03:13.729
2026-05-11,22,21.41,A2,A2_prdemcad_20260501_20260531,3,2026-06-08 23:03:13.729
2026-05-11,23,24.82,A2,A2_prdemcad_20260501_20260531,3,2026-06-08 23:03:13.729
2026-05-11,24,20.34,A2,A2_prdemcad_20260501_20260531,3,2026-06-08 23:03:13.729
2026-05-12,1,10.11,A2,A2_prdemcad_20260501_20260531,3,2026-06-08 23:03:13.729
2026-05-12,2,11.87,A2,A2_prdemcad_20260501_20260531,3,2026-06-08 23:03:13.729
2026-05-12,3,13.68,A2,A2_prdemcad_20260501_20260531,3,2026-06-08 23:03:13.729
2026-05-12,4,14.42,A2,A2_prdemcad_20260501_20260531,3,2026-06-08 23:03:13.729
2026-05-12,5,15.44,A2,A2_prdemcad_20260501_20260531,3,2026-06-08 23:03:13.729
2026-05-12,6,13.12,A2,A2_prdemcad_20260501_20260531,3,2026-06-08 23:03:13.729
2026-05-12,7,20.76,A2,A2_prdemcad_20260501_20260531,3,2026-06-08 23:03:13.729
2026-05-12,8,24.87,A2,A2_prdemcad_20260501_20260531,3,2026-06-08 23:03:13.729
2026-05-12,9,25.34,A2,A2_prdemcad_20260501_20260531,3,2026-06-08 23:03:13.729
2026-05-12,10,17.53,A2,A2_prdemcad_20260501_20260531,3,2026-06-08 23:03:13.729
2026-05-12,11,9.36,A2,A2_prdemcad_20260501_20260531,3,2026-06-08 23:03:13.729
2026-05-12,12,15.99,A2,A2_prdemcad_20260501_20260531,3,2026-06-08 23:03:13.729
2026-05-12,13,17.11,A2,A2_prdemcad_20260501_20260531,3,2026-06-08 23:03:13.729
2026-05-12,14,20.72,A2,A2_prdemcad_20260501_20260531,3,2026-06-08 23:03:13.729
2026-05-12,15,22.17,A2,A2_prdemcad_20260501_20260531,3,2026-06-08 23:03:13.729
2026-05-12,16,17.45,A2,A2_prdemcad_20260501_20260531,3,2026-06-08 23:03:13.729
2026-05-12,17,21.76,A2,A2_prdemcad_20260501_20260531,3,2026-06-08 23:03:13.729
2026-05-12,18,21.05,A2,A2_prdemcad_20260501_20260531,3,2026-06-08 23:03:13.729
2026-05-12,19,25.09,A2,A2_prdemcad_20260501_20260531,3,2026-06-08 23:03:13.729
2026-05-12,20,29.17,A2,A2_prdemcad_20260501_20260531,3,2026-06-08 23:03:13.729
2026-05-12,21,30.16,A2,A2_prdemcad_20260501_20260531,3,2026-06-08 23:03:13.729
2026-05-12,22,30.97,A2,A2_prdemcad_20260501_20260531,3,2026-06-08 23:03:13.729
2026-05-12,23,30.37,A2,A2_prdemcad_20260501_20260531,3,2026-06-08 23:03:13.729
2026-05-12,24,21.51,A2,A2_prdemcad_20260501_20260531,3,2026-06-08 23:03:13.729
2026-05-13,1,16.07,A2,A2_prdemcad_20260501_20260531,3,2026-06-08 23:03:13.729
2026-05-13,2,18.1,A2,A2_prdemcad_20260501_20260531,3,2026-06-08 23:03:13.729
2026-05-13,3,21.91,A2,A2_prdemcad_20260501_20260531,3,2026-06-08 23:03:13.729
2026-05-13,4,21.51,A2,A2_prdemcad_20260501_20260531,3,2026-06-08 23:03:13.729
2026-05-13,5,21.9,A2,A2_prdemcad_20260501_20260531,3,2026-06-08 23:03:13.729
2026-05-13,6,21.78,A2,A2_prdemcad_20260501_20260531,3,2026-06-08 23:03:13.729
2026-05-13,7,17.95,A2,A2_prdemcad_20260501_20260531,3,2026-06-08 23:03:13.729
2026-05-13,8,25.28,A2,A2_prdemcad_20260501_20260531,3,2026-06-08 23:03:13.729
2026-05-13,9,25.5,A2,A2_prdemcad_20260501_20260531,3,2026-06-08 23:03:13.729
2026-05-13,10,22.07,A2,A2_prdemcad_20260501_20260531,3,2026-06-08 23:03:13.729
2026-05-13,11,27.08,A2,A2_prdemcad_20260501_20260531,3,2026-06-08 23:03:13.729
2026-05-13,12,26.19,A2,A2_prdemcad_20260501_20260531,3,2026-06-08 23:03:13.729
2026-05-13,13,25.96,A2,A2_prdemcad_20260501_20260531,3,2026-06-08 23:03:13.729
2026-05-13,14,24.79,A2,A2_prdemcad_20260501_20260531,3,2026-06-08 23:03:13.729
2026-05-13,15,25.13,A2,A2_prdemcad_20260501_20260531,3,2026-06-08 23:03:13.729
2026-05-13,16,25.4,A2,A2_prdemcad_20260501_20260531,3,2026-06-08 23:03:13.729
2026-05-13,17,26.65,A2,A2_prdemcad_20260501_20260531,3,2026-06-08 23:03:13.729
2026-05-13,18,27.26,A2,A2_prdemcad_20260501_20260531,3,2026-06-08 23:03:13.729
2026-05-13,19,30.21,A2,A2_prdemcad_20260501_20260531,3,2026-06-08 23:03:13.729
2026-05-13,20,28.38,A2,A2_prdemcad_20260501_20260531,3,2026-06-08 23:03:13.729
2026-05-13,21,34.88,A2,A2_prdemcad_20260501_20260531,3,2026-06-08 23:03:13.729
2026-05-13,22,32.38,A2,A2_prdemcad_20260501_20260531,3,2026-06-08 23:03:13.729
2026-05-13,23,27.16,A2,A2_prdemcad_20260501_20260531,3,2026-06-08 23:03:13.729
2026-05-13,24,18.57,A2,A2_prdemcad_20260501_20260531,3,2026-06-08 23:03:13.729
2026-05-14,1,13.95,A2,A2_prdemcad_20260501_20260531,3,2026-06-08 23:03:13.729
2026-05-14,2,13.11,A2,A2_prdemcad_20260501_20260531,3,2026-06-08 23:03:13.729
2026-05-14,3,15.29,A2,A2_prdemcad_20260501_20260531,3,2026-06-08 23:03:13.729
2026-05-14,4,14.86,A2,A2_prdemcad_20260501_20260531,3,2026-06-08 23:03:13.729
2026-05-14,5,15.56,A2,A2_prdemcad_20260501_20260531,3,2026-06-08 23:03:13.729
2026-05-14,6,16.06,A2,A2_prdemcad_20260501_20260531,3,2026-06-08 23:03:13.729
2026-05-14,7,12.91,A2,A2_prdemcad_20260501_20260531,3,2026-06-08 23:03:13.729
2026-05-14,8,16.97,A2,A2_prdemcad_20260501_20260531,3,2026-06-08 23:03:13.729
2026-05-14,9,16.69,A2,A2_prdemcad_20260501_20260531,3,2026-06-08 23:03:13.729
2026-05-14,10,20.72,A2,A2_prdemcad_20260501_20260531,3,2026-06-08 23:03:13.729
2026-05-14,11,24.07,A2,A2_prdemcad_20260501_20260531,3,2026-06-08 23:03:13.729
2026-05-14,12,22.96,A2,A2_prdemcad_20260501_20260531,3,2026-06-08 23:03:13.729
2026-05-14,13,24.16,A2,A2_prdemcad_20260501_20260531,3,2026-06-08 23:03:13.729
2026-05-14,14,25.23,A2,A2_prdemcad_20260501_20260531,3,2026-06-08 23:03:13.729
2026-05-14,15,26.41,A2,A2_prdemcad_20260501_20260531,3,2026-06-08 23:03:13.729
2026-05-14,16,25.88,A2,A2_prdemcad_20260501_20260531,3,2026-06-08 23:03:13.729
2026-05-14,17,27.82,A2,A2_prdemcad_20260501_20260531,3,2026-06-08 23:03:13.729
2026-05-14,18,26.56,A2,A2_prdemcad_20260501_20260531,3,2026-06-08 23:03:13.729
2026-05-14,19,25.3,A2,A2_prdemcad_20260501_20260531,3,2026-06-08 23:03:13.729
2026-05-14,20,21.23,A2,A2_prdemcad_20260501_20260531,3,2026-06-08 23:03:13.729
2026-05-14,21,20.73,A2,A2_prdemcad_20260501_20260531,3,2026-06-08 23:03:13.729
2026-05-14,22,13.27,A2,A2_prdemcad_20260501_20260531,3,2026-06-08 23:03:13.729
2026-05-14,23,11.13,A2,A2_prdemcad_20260501_20260531,3,2026-06-08 23:03:13.729
2026-05-14,24,11.29,A2,A2_prdemcad_20260501_20260531,3,2026-06-08 23:03:13.729
2026-05-15,1,11.29,A2,A2_prdemcad_20260501_20260531,3,2026-06-08 23:03:13.729
2026-05-15,2,12.71,A2,A2_prdemcad_20260501_20260531,3,2026-06-08 23:03:13.729
2026-05-15,3,18.19,A2,A2_prdemcad_20260501_20260531,3,2026-06-08 23:03:13.729
2026-05-15,4,20.55,A2,A2_prdemcad_20260501_20260531,3,2026-06-08 23:03:13.729
2026-05-15,5,21.63,A2,A2_prdemcad_20260501_20260531,3,2026-06-08 23:03:13.729
2026-05-15,6,19.8,A2,A2_prdemcad_20260501_20260531,3,2026-06-08 23:03:13.729
2026-05-15,7,14.7,A2,A2_prdemcad_20260501_20260531,3,2026-06-08 23:03:13.729
2026-05-15,8,17.29,A2,A2_prdemcad_20260501_20260531,3,2026-06-08 23:03:13.729
2026-05-15,9,18.1,A2,A2_prdemcad_20260501_20260531,3,2026-06-08 23:03:13.729
2026-05-15,10,21.64,A2,A2_prdemcad_20260501_20260531,3,2026-06-08 23:03:13.729
2026-05-15,11,24.64,A2,A2_prdemcad_20260501_20260531,3,2026-06-08 23:03:13.729
2026-05-15,12,35.09,A2,A2_prdemcad_20260501_20260531,3,2026-06-08 23:03:13.729
2026-05-15,13,40.8,A2,A2_prdemcad_20260501_20260531,3,2026-06-08 23:03:13.729
2026-05-15,14,39.0,A2,A2_prdemcad_20260501_20260531,3,2026-06-08 23:03:13.729
2026-05-15,15,32.65,A2,A2_prdemcad_20260501_20260531,3,2026-06-08 23:03:13.729
2026-05-15,16,33.62,A2,A2_prdemcad_20260501_20260531,3,2026-06-08 23:03:13.729
2026-05-15,17,29.96,A2,A2_prdemcad_20260501_20260531,3,2026-06-08 23:03:13.729
2026-05-15,18,29.54,A2,A2_prdemcad_20260501_20260531,3,2026-06-08 23:03:13.729
2026-05-15,19,31.64,A2,A2_prdemcad_20260501_20260531,3,2026-06-08 23:03:13.729
2026-05-15,20,31.34,A2,A2_prdemcad_20260501_20260531,3,2026-06-08 23:03:13.729
2026-05-15,21,26.37,A2,A2_prdemcad_20260501_20260531,3,2026-06-08 23:03:13.729
2026-05-15,22,21.19,A2,A2_prdemcad_20260501_20260531,3,2026-06-08 23:03:13.729
2026-05-15,23,20.99,A2,A2_prdemcad_20260501_20260531,3,2026-06-08 23:03:13.729
2026-05-15,24,23.51,A2,A2_prdemcad_20260501_20260531,3,2026-06-08 23:03:13.729
2026-05-16,1,16.0,A2,A2_prdemcad_20260501_20260531,3,2026-06-08 23:03:13.729
2026-05-16,2,18.59,A2,A2_prdemcad_20260501_20260531,3,2026-06-08 23:03:13.729
2026-05-16,3,22.19,A2,A2_prdemcad_20260501_20260531,3,2026-06-08 23:03:13.729
2026-05-16,4,18.92,A2,A2_prdemcad_20260501_20260531,3,2026-06-08 23:03:13.729
2026-05-16,5,21.26,A2,A2_prdemcad_20260501_20260531,3,2026-06-08 23:03:13.729
2026-05-16,6,20.69,A2,A2_prdemcad_20260501_20260531,3,2026-06-08 23:03:13.729
2026-05-16,7,20.02,A2,A2_prdemcad_20260501_20260531,3,2026-06-08 23:03:13.729
2026-05-16,8,20.44,A2,A2_prdemcad_20260501_20260531,3,2026-06-08 23:03:13.729
2026-05-16,9,25.33,A2,A2_prdemcad_20260501_20260531,3,2026-06-08 23:03:13.729
2026-05-16,10,26.54,A2,A2_prdemcad_20260501_20260531,3,2026-06-08 23:03:13.729
2026-05-16,11,26.66,A2,A2_prdemcad_20260501_20260531,3,2026-06-08 23:03:13.729
2026-05-16,12,28.08,A2,A2_prdemcad_20260501_20260531,3,2026-06-08 23:03:13.729
2026-05-16,13,30.0,A2,A2_prdemcad_20260501_20260531,3,2026-06-08 23:03:13.729
2026-05-16,14,30.16,A2,A2_prdemcad_20260501_20260531,3,2026-06-08 23:03:13.729
2026-05-16,15,31.14,A2,A2_prdemcad_20260501_20260531,3,2026-06-08 23:03:13.729
2026-05-16,16,31.68,A2,A2_prdemcad_20260501_20260531,3,2026-06-08 23:03:13.729
2026-05-16,17,33.3,A2,A2_prdemcad_20260501_20260531,3,2026-06-08 23:03:13.729
2026-05-16,18,29.57,A2,A2_prdemcad_20260501_20260531,3,2026-06-08 23:03:13.729
2026-05-16,19,29.64,A2,A2_prdemcad_20260501_20260531,3,2026-06-08 23:03:13.729
2026-05-16,20,30.19,A2,A2_prdemcad_20260501_20260531,3,2026-06-08 23:03:13.729
2026-05-16,21,23.21,A2,A2_prdemcad_20260501_20260531,3,2026-06-08 23:03:13.729
2026-05-16,22,24.63,A2,A2_prdemcad_20260501_20260531,3,2026-06-08 23:03:13.729
2026-05-16,23,22.87,A2,A2_prdemcad_20260501_20260531,3,2026-06-08 23:03:13.729
2026-05-16,24,22.23,A2,A2_prdemcad_20260501_20260531,3,2026-06-08 23:03:13.729
2026-05-17,1,23.18,A2,A2_prdemcad_20260501_20260531,3,2026-06-08 23:03:13.729
2026-05-17,2,27.05,A2,A2_prdemcad_20260501_20260531,3,2026-06-08 23:03:13.729
2026-05-17,3,33.03,A2,A2_prdemcad_20260501_20260531,3,2026-06-08 23:03:13.729
2026-05-17,4,35.3,A2,A2_prdemcad_20260501_20260531,3,2026-06-08 23:03:13.729
2026-05-17,5,34.93,A2,A2_prdemcad_20260501_20260531,3,2026-06-08 23:03:13.729
2026-05-17,6,34.79,A2,A2_prdemcad_20260501_20260531,3,2026-06-08 23:03:13.729
2026-05-17,7,34.87,A2,A2_prdemcad_20260501_20260531,3,2026-06-08 23:03:13.729
2026-05-17,8,41.2,A2,A2_prdemcad_20260501_20260531,3,2026-06-08 23:03:13.729
2026-05-17,9,42.08,A2,A2_prdemcad_20260501_20260531,3,2026-06-08 23:03:13.729
2026-05-17,10,39.57,A2,A2_prdemcad_20260501_20260531,3,2026-06-08 23:03:13.729
2026-05-17,11,30.08,A2,A2_prdemcad_20260501_20260531,3,2026-06-08 23:03:13.729
2026-05-17,12,27.6,A2,A2_prdemcad_20260501_20260531,3,2026-06-08 23:03:13.729
2026-05-17,13,19.96,A2,A2_prdemcad_20260501_20260531,3,2026-06-08 23:03:13.729
2026-05-17,14,19.58,A2,A2_prdemcad_20260501_20260531,3,2026-06-08 23:03:13.729
2026-05-17,15,19.74,A2,A2_prdemcad_20260501_20260531,3,2026-06-08 23:03:13.729
2026-05-17,16,20.17,A2,A2_prdemcad_20260501_20260531,3,2026-06-08 23:03:13.729
2026-05-17,17,20.63,A2,A2_prdemcad_20260501_20260531,3,2026-06-08 23:03:13.729
2026-05-17,18,19.54,A2,A2_prdemcad_20260501_20260531,3,2026-06-08 23:03:13.729
2026-05-17,19,19.11,A2,A2_prdemcad_20260501_20260531,3,2026-06-08 23:03:13.729
2026-05-17,20,19.96,A2,A2_prdemcad_20260501_20260531,3,2026-06-08 23:03:13.729
2026-05-17,21,13.15,A2,A2_prdemcad_20260501_20260531,3,2026-06-08 23:03:13.729
2026-05-17,22,19.71,A2,A2_prdemcad_20260501_20260531,3,2026-06-08 23:03:13.729
2026-05-17,23,19.84,A2,A2_prdemcad_20260501_20260531,3,2026-06-08 23:03:13.729
2026-05-17,24,17.8,A2,A2_prdemcad_20260501_20260531,3,2026-06-08 23:03:13.729
2026-05-18,1,21.55,A2,A2_prdemcad_20260501_20260531,3,2026-06-08 23:03:13.729
2026-05-18,2,24.94,A2,A2_prdemcad_20260501_20260531,3,2026-06-08 23:03:13.729
2026-05-18,3,27.72,A2,A2_prdemcad_20260501_20260531,3,2026-06-08 23:03:13.729
2026-05-18,4,29.51,A2,A2_prdemcad_20260501_20260531,3,2026-06-08 23:03:13.729
2026-05-18,5,29.02,A2,A2_prdemcad_20260501_20260531,3,2026-06-08 23:03:13.729
2026-05-18,6,27.69,A2,A2_prdemcad_20260501_20260531,3,2026-06-08 23:03:13.729
2026-05-18,7,20.9,A2,A2_prdemcad_20260501_20260531,3,2026-06-08 23:03:13.729
2026-05-18,8,21.03,A2,A2_prdemcad_20260501_20260531,3,2026-06-08 23:03:13.729
2026-05-18,9,19.15,A2,A2_prdemcad_20260501_20260531,3,2026-06-08 23:03:13.729
2026-05-18,10,23.78,A2,A2_prdemcad_20260501_20260531,3,2026-06-08 23:03:13.729
2026-05-18,11,33.37,A2,A2_prdemcad_20260501_20260531,3,2026-06-08 23:03:13.729
2026-05-18,12,37.79,A2,A2_prdemcad_20260501_20260531,3,2026-06-08 23:03:13.729
2026-05-18,13,40.53,A2,A2_prdemcad_20260501_20260531,3,2026-06-08 23:03:13.729
2026-05-18,14,40.64,A2,A2_prdemcad_20260501_20260531,3,2026-06-08 23:03:13.729
2026-05-18,15,36.33,A2,A2_prdemcad_20260501_20260531,3,2026-06-08 23:03:13.729
2026-05-18,16,39.37,A2,A2_prdemcad_20260501_20260531,3,2026-06-08 23:03:13.729
2026-05-18,17,38.67,A2,A2_prdemcad_20260501_20260531,3,2026-06-08 23:03:13.729
2026-05-18,18,40.75,A2,A2_prdemcad_20260501_20260531,3,2026-06-08 23:03:13.729
2026-05-18,19,37.04,A2,A2_prdemcad_20260501_20260531,3,2026-06-08 23:03:13.729
2026-05-18,20,38.07,A2,A2_prdemcad_20260501_20260531,3,2026-06-08 23:03:13.729
2026-05-18,21,23.58,A2,A2_prdemcad_20260501_20260531,3,2026-06-08 23:03:13.729
2026-05-18,22,21.97,A2,A2_prdemcad_20260501_20260531,3,2026-06-08 23:03:13.729
2026-05-18,23,21.82,A2,A2_prdemcad_20260501_20260531,3,2026-06-08 23:03:13.729
2026-05-18,24,17.17,A2,A2_prdemcad_20260501_20260531,3,2026-06-08 23:03:13.729
2026-05-19,1,11.96,A2,A2_prdemcad_20260501_20260531,3,2026-06-08 23:03:13.729
2026-05-19,2,15.27,A2,A2_prdemcad_20260501_20260531,3,2026-06-08 23:03:13.729
2026-05-19,3,19.11,A2,A2_prdemcad_20260501_20260531,3,2026-06-08 23:03:13.729
2026-05-19,4,19.27,A2,A2_prdemcad_20260501_20260531,3,2026-06-08 23:03:13.729
2026-05-19,5,20.76,A2,A2_prdemcad_20260501_20260531,3,2026-06-08 23:03:13.729
2026-05-19,6,19.82,A2,A2_prdemcad_20260501_20260531,3,2026-06-08 23:03:13.729
2026-05-19,7,21.69,A2,A2_prdemcad_20260501_20260531,3,2026-06-08 23:03:13.729
2026-05-19,8,27.75,A2,A2_prdemcad_20260501_20260531,3,2026-06-08 23:03:13.729
2026-05-19,9,17.59,A2,A2_prdemcad_20260501_20260531,3,2026-06-08 23:03:13.729
2026-05-19,10,23.88,A2,A2_prdemcad_20260501_20260531,3,2026-06-08 23:03:13.729
2026-05-19,11,33.06,A2,A2_prdemcad_20260501_20260531,3,2026-06-08 23:03:13.729
2026-05-19,12,32.63,A2,A2_prdemcad_20260501_20260531,3,2026-06-08 23:03:13.729
2026-05-19,13,33.59,A2,A2_prdemcad_20260501_20260531,3,2026-06-08 23:03:13.729
2026-05-19,14,30.57,A2,A2_prdemcad_20260501_20260531,3,2026-06-08 23:03:13.729
2026-05-19,15,33.11,A2,A2_prdemcad_20260501_20260531,3,2026-06-08 23:03:13.729
2026-05-19,16,40.15,A2,A2_prdemcad_20260501_20260531,3,2026-06-08 23:03:13.729
2026-05-19,17,49.08,A2,A2_prdemcad_20260501_20260531,3,2026-06-08 23:03:13.729
2026-05-19,18,50.86,A2,A2_prdemcad_20260501_20260531,3,2026-06-08 23:03:13.729
2026-05-19,19,48.38,A2,A2_prdemcad_20260501_20260531,3,2026-06-08 23:03:13.729
2026-05-19,20,40.48,A2,A2_prdemcad_20260501_20260531,3,2026-06-08 23:03:13.729
2026-05-19,21,30.57,A2,A2_prdemcad_20260501_20260531,3,2026-06-08 23:03:13.729
2026-05-19,22,24.72,A2,A2_prdemcad_20260501_20260531,3,2026-06-08 23:03:13.729
2026-05-19,23,26.0,A2,A2_prdemcad_20260501_20260531,3,2026-06-08 23:03:13.729
2026-05-19,24,25.82,A2,A2_prdemcad_20260501_20260531,3,2026-06-08 23:03:13.729
2026-05-20,1,13.84,A2,A2_prdemcad_20260501_20260531,3,2026-06-08 23:03:13.729
2026-05-20,2,12.97,A2,A2_prdemcad_20260501_20260531,3,2026-06-08 23:03:13.729
2026-05-20,3,15.82,A2,A2_prdemcad_20260501_20260531,3,2026-06-08 23:03:13.729
2026-05-20,4,16.87,A2,A2_prdemcad_20260501_20260531,3,2026-06-08 23:03:13.729
2026-05-20,5,17.13,A2,A2_prdemcad_20260501_20260531,3,2026-06-08 23:03:13.729
2026-05-20,6,16.09,A2,A2_prdemcad_20260501_20260531,3,2026-06-08 23:03:13.729
2026-05-20,7,21.13,A2,A2_prdemcad_20260501_20260531,3,2026-06-08 23:03:13.729
2026-05-20,8,22.94,A2,A2_prdemcad_20260501_20260531,3,2026-06-08 23:03:13.729
2026-05-20,9,20.14,A2,A2_prdemcad_20260501_20260531,3,2026-06-08 23:03:13.729
2026-05-20,10,18.58,A2,A2_prdemcad_20260501_20260531,3,2026-06-08 23:03:13.729
2026-05-20,11,22.08,A2,A2_prdemcad_20260501_20260531,3,2026-06-08 23:03:13.729
2026-05-20,12,26.56,A2,A2_prdemcad_20260501_20260531,3,2026-06-08 23:03:13.729
2026-05-20,13,30.42,A2,A2_prdemcad_20260501_20260531,3,2026-06-08 23:03:13.729
2026-05-20,14,36.78,A2,A2_prdemcad_20260501_20260531,3,2026-06-08 23:03:13.729
2026-05-20,15,36.07,A2,A2_prdemcad_20260501_20260531,3,2026-06-08 23:03:13.729
2026-05-20,16,36.28,A2,A2_prdemcad_20260501_20260531,3,2026-06-08 23:03:13.729
2026-05-20,17,36.94,A2,A2_prdemcad_20260501_20260531,3,2026-06-08 23:03:13.729
2026-05-20,18,36.22,A2,A2_prdemcad_20260501_20260531,3,2026-06-08 23:03:13.729
2026-05-20,19,36.78,A2,A2_prdemcad_20260501_20260531,3,2026-06-08 23:03:13.729
2026-05-20,20,36.5,A2,A2_prdemcad_20260501_20260531,3,2026-06-08 23:03:13.729
2026-05-20,21,30.73,A2,A2_prdemcad_20260501_20260531,3,2026-06-08 23:03:13.729
2026-05-20,22,25.75,A2,A2_prdemcad_20260501_20260531,3,2026-06-08 23:03:13.729
2026-05-20,23,25.22,A2,A2_prdemcad_20260501_20260531,3,2026-06-08 23:03:13.729
2026-05-20,24,28.74,A2,A2_prdemcad_20260501_20260531,3,2026-06-08 23:03:13.729
2026-05-21,1,15.24,A2,A2_prdemcad_20260501_20260531,3,2026-06-08 23:03:13.729
2026-05-21,2,14.64,A2,A2_prdemcad_20260501_20260531,3,2026-06-08 23:03:13.729
2026-05-21,3,16.71,A2,A2_prdemcad_20260501_20260531,3,2026-06-08 23:03:13.729
2026-05-21,4,18.91,A2,A2_prdemcad_20260501_20260531,3,2026-06-08 23:03:13.729
2026-05-21,5,19.01,A2,A2_prdemcad_20260501_20260531,3,2026-06-08 23:03:13.729
2026-05-21,6,16.63,A2,A2_prdemcad_20260501_20260531,3,2026-06-08 23:03:13.729
2026-05-21,7,25.58,A2,A2_prdemcad_20260501_20260531,3,2026-06-08 23:03:13.729
2026-05-21,8,27.32,A2,A2_prdemcad_20260501_20260531,3,2026-06-08 23:03:13.729
2026-05-21,9,20.55,A2,A2_prdemcad_20260501_20260531,3,2026-06-08 23:03:13.729
2026-05-21,10,22.16,A2,A2_prdemcad_20260501_20260531,3,2026-06-08 23:03:13.729
2026-05-21,11,27.72,A2,A2_prdemcad_20260501_20260531,3,2026-06-08 23:03:13.729
2026-05-21,12,28.18,A2,A2_prdemcad_20260501_20260531,3,2026-06-08 23:03:13.729
2026-05-21,13,27.85,A2,A2_prdemcad_20260501_20260531,3,2026-06-08 23:03:13.729
2026-05-21,14,27.53,A2,A2_prdemcad_20260501_20260531,3,2026-06-08 23:03:13.729
2026-05-21,15,29.3,A2,A2_prdemcad_20260501_20260531,3,2026-06-08 23:03:13.729
2026-05-21,16,28.27,A2,A2_prdemcad_20260501_20260531,3,2026-06-08 23:03:13.729
2026-05-21,17,27.59,A2,A2_prdemcad_20260501_20260531,3,2026-06-08 23:03:13.729
2026-05-21,18,27.48,A2,A2_prdemcad_20260501_20260531,3,2026-06-08 23:03:13.729
2026-05-21,19,27.42,A2,A2_prdemcad_20260501_20260531,3,2026-06-08 23:03:13.729
2026-05-21,20,29.25,A2,A2_prdemcad_20260501_20260531,3,2026-06-08 23:03:13.729
2026-05-21,21,28.42,A2,A2_prdemcad_20260501_20260531,3,2026-06-08 23:03:13.729
2026-05-21,22,32.43,A2,A2_prdemcad_20260501_20260531,3,2026-06-08 23:03:13.729
2026-05-21,23,31.76,A2,A2_prdemcad_20260501_20260531,3,2026-06-08 23:03:13.729
2026-05-21,24,30.94,A2,A2_prdemcad_20260501_20260531,3,2026-06-08 23:03:13.729
2026-05-22,1,11.9,A2,A2_prdemcad_20260501_20260531,3,2026-06-08 23:03:13.729
2026-05-22,2,15.25,A2,A2_prdemcad_20260501_20260531,3,2026-06-08 23:03:13.729
2026-05-22,3,14.25,A2,A2_prdemcad_20260501_20260531,3,2026-06-08 23:03:13.729
2026-05-22,4,14.66,A2,A2_prdemcad_20260501_20260531,3,2026-06-08 23:03:13.729
2026-05-22,5,13.95,A2,A2_prdemcad_20260501_20260531,3,2026-06-08 23:03:13.729
2026-05-22,6,14.33,A2,A2_prdemcad_20260501_20260531,3,2026-06-08 23:03:13.729
2026-05-22,7,19.99,A2,A2_prdemcad_20260501_20260531,3,2026-06-08 23:03:13.729
2026-05-22,8,26.52,A2,A2_prdemcad_20260501_20260531,3,2026-06-08 23:03:13.729
2026-05-22,9,23.42,A2,A2_prdemcad_20260501_20260531,3,2026-06-08 23:03:13.729
2026-05-22,10,24.82,A2,A2_prdemcad_20260501_20260531,3,2026-06-08 23:03:13.729
2026-05-22,11,33.31,A2,A2_prdemcad_20260501_20260531,3,2026-06-08 23:03:13.729
2026-05-22,12,39.17,A2,A2_prdemcad_20260501_20260531,3,2026-06-08 23:03:13.729
2026-05-22,13,40.41,A2,A2_prdemcad_20260501_20260531,3,2026-06-08 23:03:13.729
2026-05-22,14,42.31,A2,A2_prdemcad_20260501_20260531,3,2026-06-08 23:03:13.729
2026-05-22,15,42.38,A2,A2_prdemcad_20260501_20260531,3,2026-06-08 23:03:13.729
2026-05-22,16,44.53,A2,A2_prdemcad_20260501_20260531,3,2026-06-08 23:03:13.729
2026-05-22,17,45.85,A2,A2_prdemcad_20260501_20260531,3,2026-06-08 23:03:13.729
2026-05-22,18,46.3,A2,A2_prdemcad_20260501_20260531,3,2026-06-08 23:03:13.729
2026-05-22,19,40.11,A2,A2_prdemcad_20260501_20260531,3,2026-06-08 23:03:13.729
2026-05-22,20,35.31,A2,A2_prdemcad_20260501_20260531,3,2026-06-08 23:03:13.729
2026-05-22,21,23.44,A2,A2_prdemcad_20260501_20260531,3,2026-06-08 23:03:13.729
2026-05-22,22,21.73,A2,A2_prdemcad_20260501_20260531,3,2026-06-08 23:03:13.729
2026-05-22,23,21.74,A2,A2_prdemcad_20260501_20260531,3,2026-06-08 23:03:13.729
2026-05-22,24,23.01,A2,A2_prdemcad_20260501_20260531,3,2026-06-08 23:03:13.729
2026-05-23,1,11.89,A2,A2_prdemcad_20260501_20260531,3,2026-06-08 23:03:13.729
2026-05-23,2,11.32,A2,A2_prdemcad_20260501_20260531,3,2026-06-08 23:03:13.729
2026-05-23,3,14.19,A2,A2_prdemcad_20260501_20260531,3,2026-06-08 23:03:13.729
2026-05-23,4,16.35,A2,A2_prdemcad_20260501_20260531,3,2026-06-08 23:03:13.729
2026-05-23,5,16.63,A2,A2_prdemcad_20260501_20260531,3,2026-06-08 23:03:13.729
2026-05-23,6,17.6,A2,A2_prdemcad_20260501_20260531,3,2026-06-08 23:03:13.729
2026-05-23,7,17.46,A2,A2_prdemcad_20260501_20260531,3,2026-06-08 23:03:13.729
2026-05-23,8,25.1,A2,A2_prdemcad_20260501_20260531,3,2026-06-08 23:03:13.729
2026-05-23,9,21.49,A2,A2_prdemcad_20260501_20260531,3,2026-06-08 23:03:13.729
2026-05-23,10,15.0,A2,A2_prdemcad_20260501_20260531,3,2026-06-08 23:03:13.729
2026-05-23,11,14.18,A2,A2_prdemcad_20260501_20260531,3,2026-06-08 23:03:13.729
2026-05-23,12,14.74,A2,A2_prdemcad_20260501_20260531,3,2026-06-08 23:03:13.729
2026-05-23,13,14.76,A2,A2_prdemcad_20260501_20260531,3,2026-06-08 23:03:13.729
2026-05-23,14,14.76,A2,A2_prdemcad_20260501_20260531,3,2026-06-08 23:03:13.729
2026-05-23,15,14.86,A2,A2_prdemcad_20260501_20260531,3,2026-06-08 23:03:13.729
2026-05-23,16,17.27,A2,A2_prdemcad_20260501_20260531,3,2026-06-08 23:03:13.729
2026-05-23,17,19.06,A2,A2_prdemcad_20260501_20260531,3,2026-06-08 23:03:13.729
2026-05-23,18,18.77,A2,A2_prdemcad_20260501_20260531,3,2026-06-08 23:03:13.729
2026-05-23,19,15.37,A2,A2_prdemcad_20260501_20260531,3,2026-06-08 23:03:13.729
2026-05-23,20,14.78,A2,A2_prdemcad_20260501_20260531,3,2026-06-08 23:03:13.729
2026-05-23,21,16.82,A2,A2_prdemcad_20260501_20260531,3,2026-06-08 23:03:13.729
2026-05-23,22,17.55,A2,A2_prdemcad_20260501_20260531,3,2026-06-08 23:03:13.729
2026-05-23,23,17.31,A2,A2_prdemcad_20260501_20260531,3,2026-06-08 23:03:13.729
2026-05-23,24,17.61,A2,A2_prdemcad_20260501_20260531,3,2026-06-08 23:03:13.729
2026-05-24,1,21.57,A2,A2_prdemcad_20260501_20260531,3,2026-06-08 23:03:13.729
2026-05-24,2,24.7,A2,A2_prdemcad_20260501_20260531,3,2026-06-08 23:03:13.729
2026-05-24,3,28.16,A2,A2_prdemcad_20260501_20260531,3,2026-06-08 23:03:13.729
2026-05-24,4,30.08,A2,A2_prdemcad_20260501_20260531,3,2026-06-08 23:03:13.729
2026-05-24,5,31.44,A2,A2_prdemcad_20260501_20260531,3,2026-06-08 23:03:13.729
2026-05-24,6,31.53,A2,A2_prdemcad_20260501_20260531,3,2026-06-08 23:03:13.729
2026-05-24,7,32.3,A2,A2_prdemcad_20260501_20260531,3,2026-06-08 23:03:13.729
2026-05-24,8,48.51,A2,A2_prdemcad_20260501_20260531,3,2026-06-08 23:03:13.729
2026-05-24,9,40.14,A2,A2_prdemcad_20260501_20260531,3,2026-06-08 23:03:13.729
2026-05-24,10,27.89,A2,A2_prdemcad_20260501_20260531,3,2026-06-08 23:03:13.729
2026-05-24,11,23.11,A2,A2_prdemcad_20260501_20260531,3,2026-06-08 23:03:13.729
2026-05-24,12,20.86,A2,A2_prdemcad_20260501_20260531,3,2026-06-08 23:03:13.729
2026-05-24,13,20.69,A2,A2_prdemcad_20260501_20260531,3,2026-06-08 23:03:13.729
2026-05-24,14,20.41,A2,A2_prdemcad_20260501_20260531,3,2026-06-08 23:03:13.729
2026-05-24,15,24.42,A2,A2_prdemcad_20260501_20260531,3,2026-06-08 23:03:13.729
2026-05-24,16,26.98,A2,A2_prdemcad_20260501_20260531,3,2026-06-08 23:03:13.729
2026-05-24,17,28.21,A2,A2_prdemcad_20260501_20260531,3,2026-06-08 23:03:13.729
2026-05-24,18,29.22,A2,A2_prdemcad_20260501_20260531,3,2026-06-08 23:03:13.729
2026-05-24,19,26.95,A2,A2_prdemcad_20260501_20260531,3,2026-06-08 23:03:13.729
2026-05-24,20,23.34,A2,A2_prdemcad_20260501_20260531,3,2026-06-08 23:03:13.729
2026-05-24,21,17.36,A2,A2_prdemcad_20260501_20260531,3,2026-06-08 23:03:13.729
2026-05-24,22,12.96,A2,A2_prdemcad_20260501_20260531,3,2026-06-08 23:03:13.729
2026-05-24,23,12.41,A2,A2_prdemcad_20260501_20260531,3,2026-06-08 23:03:13.729
2026-05-24,24,15.17,A2,A2_prdemcad_20260501_20260531,3,2026-06-08 23:03:13.729
2026-05-25,1,20.33,A2,A2_prdemcad_20260501_20260531,3,2026-06-08 23:03:13.729
2026-05-25,2,21.89,A2,A2_prdemcad_20260501_20260531,3,2026-06-08 23:03:13.729
2026-05-25,3,25.16,A2,A2_prdemcad_20260501_20260531,3,2026-06-08 23:03:13.729
2026-05-25,4,24.67,A2,A2_prdemcad_20260501_20260531,3,2026-06-08 23:03:13.729
2026-05-25,5,25.6,A2,A2_prdemcad_20260501_20260531,3,2026-06-08 23:03:13.729
2026-05-25,6,24.59,A2,A2_prdemcad_20260501_20260531,3,2026-06-08 23:03:13.729
2026-05-25,7,21.58,A2,A2_prdemcad_20260501_20260531,3,2026-06-08 23:03:13.729
2026-05-25,8,20.55,A2,A2_prdemcad_20260501_20260531,3,2026-06-08 23:03:13.729
2026-05-25,9,16.02,A2,A2_prdemcad_20260501_20260531,3,2026-06-08 23:03:13.729
2026-05-25,10,16.9,A2,A2_prdemcad_20260501_20260531,3,2026-06-08 23:03:13.729
2026-05-25,11,17.69,A2,A2_prdemcad_20260501_20260531,3,2026-06-08 23:03:13.729
2026-05-25,12,17.55,A2,A2_prdemcad_20260501_20260531,3,2026-06-08 23:03:13.729
2026-05-25,13,18.81,A2,A2_prdemcad_20260501_20260531,3,2026-06-08 23:03:13.729
2026-05-25,14,18.58,A2,A2_prdemcad_20260501_20260531,3,2026-06-08 23:03:13.729
2026-05-25,15,19.99,A2,A2_prdemcad_20260501_20260531,3,2026-06-08 23:03:13.729
2026-05-25,16,20.91,A2,A2_prdemcad_20260501_20260531,3,2026-06-08 23:03:13.729
2026-05-25,17,25.37,A2,A2_prdemcad_20260501_20260531,3,2026-06-08 23:03:13.729
2026-05-25,18,27.14,A2,A2_prdemcad_20260501_20260531,3,2026-06-08 23:03:13.729
2026-05-25,19,30.05,A2,A2_prdemcad_20260501_20260531,3,2026-06-08 23:03:13.729
2026-05-25,20,32.7,A2,A2_prdemcad_20260501_20260531,3,2026-06-08 23:03:13.729
2026-05-25,21,25.99,A2,A2_prdemcad_20260501_20260531,3,2026-06-08 23:03:13.729
2026-05-25,22,24.3,A2,A2_prdemcad_20260501_20260531,3,2026-06-08 23:03:13.729
2026-05-25,23,21.85,A2,A2_prdemcad_20260501_20260531,3,2026-06-08 23:03:13.729
2026-05-25,24,17.72,A2,A2_prdemcad_20260501_20260531,3,2026-06-08 23:03:13.729
2026-05-26,1,11.47,A2,A2_prdemcad_20260501_20260531,3,2026-06-08 23:03:13.729
2026-05-26,2,11.9,A2,A2_prdemcad_20260501_20260531,3,2026-06-08 23:03:13.729
2026-05-26,3,14.74,A2,A2_prdemcad_20260501_20260531,3,2026-06-08 23:03:13.729
2026-05-26,4,14.66,A2,A2_prdemcad_20260501_20260531,3,2026-06-08 23:03:13.729
2026-05-26,5,14.92,A2,A2_prdemcad_20260501_20260531,3,2026-06-08 23:03:13.729
2026-05-26,6,15.05,A2,A2_prdemcad_20260501_20260531,3,2026-06-08 23:03:13.729
2026-05-26,7,18.88,A2,A2_prdemcad_20260501_20260531,3,2026-06-08 23:03:13.729
2026-05-26,8,25.3,A2,A2_prdemcad_20260501_20260531,3,2026-06-08 23:03:13.729
2026-05-26,9,19.81,A2,A2_prdemcad_20260501_20260531,3,2026-06-08 23:03:13.729
2026-05-26,10,24.18,A2,A2_prdemcad_20260501_20260531,3,2026-06-08 23:03:13.729
2026-05-26,11,28.24,A2,A2_prdemcad_20260501_20260531,3,2026-06-08 23:03:13.729
2026-05-26,12,31.4,A2,A2_prdemcad_20260501_20260531,3,2026-06-08 23:03:13.729
2026-05-26,13,32.81,A2,A2_prdemcad_20260501_20260531,3,2026-06-08 23:03:13.729
2026-05-26,14,33.06,A2,A2_prdemcad_20260501_20260531,3,2026-06-08 23:03:13.729
2026-05-26,15,33.36,A2,A2_prdemcad_20260501_20260531,3,2026-06-08 23:03:13.729
2026-05-26,16,32.72,A2,A2_prdemcad_20260501_20260531,3,2026-06-08 23:03:13.729
2026-05-26,17,30.91,A2,A2_prdemcad_20260501_20260531,3,2026-06-08 23:03:13.729
2026-05-26,18,30.03,A2,A2_prdemcad_20260501_20260531,3,2026-06-08 23:03:13.729
2026-05-26,19,28.29,A2,A2_prdemcad_20260501_20260531,3,2026-06-08 23:03:13.729
2026-05-26,20,24.06,A2,A2_prdemcad_20260501_20260531,3,2026-06-08 23:03:13.729
2026-05-26,21,34.28,A2,A2_prdemcad_20260501_20260531,3,2026-06-08 23:03:13.729
2026-05-26,22,22.99,A2,A2_prdemcad_20260501_20260531,3,2026-06-08 23:03:13.729
2026-05-26,23,22.94,A2,A2_prdemcad_20260501_20260531,3,2026-06-08 23:03:13.729
2026-05-26,24,24.36,A2,A2_prdemcad_20260501_20260531,3,2026-06-08 23:03:13.729
2026-05-27,1,10.48,A2,A2_prdemcad_20260501_20260531,3,2026-06-08 23:03:13.729
2026-05-27,2,8.35,A2,A2_prdemcad_20260501_20260531,3,2026-06-08 23:03:13.729
2026-05-27,3,7.71,A2,A2_prdemcad_20260501_20260531,3,2026-06-08 23:03:13.729
2026-05-27,4,8.1,A2,A2_prdemcad_20260501_20260531,3,2026-06-08 23:03:13.729
2026-05-27,5,8.31,A2,A2_prdemcad_20260501_20260531,3,2026-06-08 23:03:13.729
2026-05-27,6,8.78,A2,A2_prdemcad_20260501_20260531,3,2026-06-08 23:03:13.729
2026-05-27,7,16.37,A2,A2_prdemcad_20260501_20260531,3,2026-06-08 23:03:13.729
2026-05-27,8,19.7,A2,A2_prdemcad_20260501_20260531,3,2026-06-08 23:03:13.729
2026-05-27,9,18.46,A2,A2_prdemcad_20260501_20260531,3,2026-06-08 23:03:13.729
2026-05-27,10,18.9,A2,A2_prdemcad_20260501_20260531,3,2026-06-08 23:03:13.729
2026-05-27,11,22.71,A2,A2_prdemcad_20260501_20260531,3,2026-06-08 23:03:13.729
2026-05-27,12,21.45,A2,A2_prdemcad_20260501_20260531,3,2026-06-08 23:03:13.729
2026-05-27,13,21.99,A2,A2_prdemcad_20260501_20260531,3,2026-06-08 23:03:13.729
2026-05-27,14,21.83,A2,A2_prdemcad_20260501_20260531,3,2026-06-08 23:03:13.729
2026-05-27,15,21.53,A2,A2_prdemcad_20260501_20260531,3,2026-06-08 23:03:13.729
2026-05-27,16,23.96,A2,A2_prdemcad_20260501_20260531,3,2026-06-08 23:03:13.729
2026-05-27,17,24.06,A2,A2_prdemcad_20260501_20260531,3,2026-06-08 23:03:13.729
2026-05-27,18,23.09,A2,A2_prdemcad_20260501_20260531,3,2026-06-08 23:03:13.729
2026-05-27,19,32.35,A2,A2_prdemcad_20260501_20260531,3,2026-06-08 23:03:13.729
2026-05-27,20,33.81,A2,A2_prdemcad_20260501_20260531,3,2026-06-08 23:03:13.729
2026-05-27,21,27.19,A2,A2_prdemcad_20260501_20260531,3,2026-06-08 23:03:13.729
2026-05-27,22,26.08,A2,A2_prdemcad_20260501_20260531,3,2026-06-08 23:03:13.729
2026-05-27,23,22.69,A2,A2_prdemcad_20260501_20260531,3,2026-06-08 23:03:13.729
2026-05-27,24,21.14,A2,A2_prdemcad_20260501_20260531,3,2026-06-08 23:03:13.729
2026-05-28,1,9.24,A2,A2_prdemcad_20260501_20260531,3,2026-06-08 23:03:13.729
2026-05-28,2,9.04,A2,A2_prdemcad_20260501_20260531,3,2026-06-08 23:03:13.729
2026-05-28,3,7.22,A2,A2_prdemcad_20260501_20260531,3,2026-06-08 23:03:13.729
2026-05-28,4,8.13,A2,A2_prdemcad_20260501_20260531,3,2026-06-08 23:03:13.729
2026-05-28,5,8.23,A2,A2_prdemcad_20260501_20260531,3,2026-06-08 23:03:13.729
2026-05-28,6,13.82,A2,A2_prdemcad_20260501_20260531,3,2026-06-08 23:03:13.729
2026-05-28,7,27.26,A2,A2_prdemcad_20260501_20260531,3,2026-06-08 23:03:13.729
2026-05-28,8,28.75,A2,A2_prdemcad_20260501_20260531,3,2026-06-08 23:03:13.729
2026-05-28,9,19.59,A2,A2_prdemcad_20260501_20260531,3,2026-06-08 23:03:13.729
2026-05-28,10,19.58,A2,A2_prdemcad_20260501_20260531,3,2026-06-08 23:03:13.729
2026-05-28,11,23.92,A2,A2_prdemcad_20260501_20260531,3,2026-06-08 23:03:13.729
2026-05-28,12,20.81,A2,A2_prdemcad_20260501_20260531,3,2026-06-08 23:03:13.729
2026-05-28,13,20.83,A2,A2_prdemcad_20260501_20260531,3,2026-06-08 23:03:13.729
2026-05-28,14,22.14,A2,A2_prdemcad_20260501_20260531,3,2026-06-08 23:03:13.729
2026-05-28,15,20.91,A2,A2_prdemcad_20260501_20260531,3,2026-06-08 23:03:13.729
2026-05-28,16,23.14,A2,A2_prdemcad_20260501_20260531,3,2026-06-08 23:03:13.729
2026-05-28,17,26.83,A2,A2_prdemcad_20260501_20260531,3,2026-06-08 23:03:13.729
2026-05-28,18,27.38,A2,A2_prdemcad_20260501_20260531,3,2026-06-08 23:03:13.729
2026-05-28,19,24.53,A2,A2_prdemcad_20260501_20260531,3,2026-06-08 23:03:13.729
2026-05-28,20,24.47,A2,A2_prdemcad_20260501_20260531,3,2026-06-08 23:03:13.729
2026-05-28,21,28.42,A2,A2_prdemcad_20260501_20260531,3,2026-06-08 23:03:13.729
2026-05-28,22,23.68,A2,A2_prdemcad_20260501_20260531,3,2026-06-08 23:03:13.729
2026-05-28,23,18.51,A2,A2_prdemcad_20260501_20260531,3,2026-06-08 23:03:13.729
2026-05-28,24,21.74,A2,A2_prdemcad_20260501_20260531,3,2026-06-08 23:03:13.729
2026-05-29,1,10.27,A2,A2_prdemcad_20260501_20260531,3,2026-06-08 23:03:13.729
2026-05-29,2,11.22,A2,A2_prdemcad_20260501_20260531,3,2026-06-08 23:03:13.729
2026-05-29,3,9.41,A2,A2_prdemcad_20260501_20260531,3,2026-06-08 23:03:13.729
2026-05-29,4,9.62,A2,A2_prdemcad_20260501_20260531,3,2026-06-08 23:03:13.729
2026-05-29,5,9.86,A2,A2_prdemcad_20260501_20260531,3,2026-06-08 23:03:13.729
2026-05-29,6,12.07,A2,A2_prdemcad_20260501_20260531,3,2026-06-08 23:03:13.729
2026-05-29,7,29.2,A2,A2_prdemcad_20260501_20260531,3,2026-06-08 23:03:13.729
2026-05-29,8,35.39,A2,A2_prdemcad_20260501_20260531,3,2026-06-08 23:03:13.729
2026-05-29,9,25.46,A2,A2_prdemcad_20260501_20260531,3,2026-06-08 23:03:13.729
2026-05-29,10,16.04,A2,A2_prdemcad_20260501_20260531,3,2026-06-08 23:03:13.729
2026-05-29,11,28.07,A2,A2_prdemcad_20260501_20260531,3,2026-06-08 23:03:13.729
2026-05-29,12,36.38,A2,A2_prdemcad_20260501_20260531,3,2026-06-08 23:03:13.729
2026-05-29,13,42.82,A2,A2_prdemcad_20260501_20260531,3,2026-06-08 23:03:13.729
2026-05-29,14,41.71,A2,A2_prdemcad_20260501_20260531,3,2026-06-08 23:03:13.729
2026-05-29,15,34.12,A2,A2_prdemcad_20260501_20260531,3,2026-06-08 23:03:13.729
2026-05-29,16,31.3,A2,A2_prdemcad_20260501_20260531,3,2026-06-08 23:03:13.729
2026-05-29,17,30.32,A2,A2_prdemcad_20260501_20260531,3,2026-06-08 23:03:13.729
2026-05-29,18,26.51,A2,A2_prdemcad_20260501_20260531,3,2026-06-08 23:03:13.729
2026-05-29,19,23.0,A2,A2_prdemcad_20260501_20260531,3,2026-06-08 23:03:13.729
2026-05-29,20,23.87,A2,A2_prdemcad_20260501_20260531,3,2026-06-08 23:03:13.729
2026-05-29,21,24.73,A2,A2_prdemcad_20260501_20260531,3,2026-06-08 23:03:13.729
2026-05-29,22,26.01,A2,A2_prdemcad_20260501_20260531,3,2026-06-08 23:03:13.729
2026-05-29,23,24.04,A2,A2_prdemcad_20260501_20260531,3,2026-06-08 23:03:13.729
2026-05-29,24,23.92,A2,A2_prdemcad_20260501_20260531,3,2026-06-08 23:03:13.729
2026-05-30,1,11.45,A2,A2_prdemcad_20260501_20260531,3,2026-06-08 23:03:13.729
2026-05-30,2,13.35,A2,A2_prdemcad_20260501_20260531,3,2026-06-08 23:03:13.729
2026-05-30,3,8.87,A2,A2_prdemcad_20260501_20260531,3,2026-06-08 23:03:13.729
2026-05-30,4,6.62,A2,A2_prdemcad_20260501_20260531,3,2026-06-08 23:03:13.729
2026-05-30,5,7.38,A2,A2_prdemcad_20260501_20260531,3,2026-06-08 23:03:13.729
2026-05-30,6,10.81,A2,A2_prdemcad_20260501_20260531,3,2026-06-08 23:03:13.729
2026-05-30,7,13.44,A2,A2_prdemcad_20260501_20260531,3,2026-06-08 23:03:13.729
2026-05-30,8,21.92,A2,A2_prdemcad_20260501_20260531,3,2026-06-08 23:03:13.729
2026-05-30,9,18.5,A2,A2_prdemcad_20260501_20260531,3,2026-06-08 23:03:13.729
2026-05-30,10,18.21,A2,A2_prdemcad_20260501_20260531,3,2026-06-08 23:03:13.729
2026-05-30,11,18.53,A2,A2_prdemcad_20260501_20260531,3,2026-06-08 23:03:13.729
2026-05-30,12,17.24,A2,A2_prdemcad_20260501_20260531,3,2026-06-08 23:03:13.729
2026-05-30,13,14.32,A2,A2_prdemcad_20260501_20260531,3,2026-06-08 23:03:13.729
2026-05-30,14,13.75,A2,A2_prdemcad_20260501_20260531,3,2026-06-08 23:03:13.729
2026-05-30,15,14.1,A2,A2_prdemcad_20260501_20260531,3,2026-06-08 23:03:13.729
2026-05-30,16,12.97,A2,A2_prdemcad_20260501_20260531,3,2026-06-08 23:03:13.729
2026-05-30,17,21.32,A2,A2_prdemcad_20260501_20260531,3,2026-06-08 23:03:13.729
2026-05-30,18,24.09,A2,A2_prdemcad_20260501_20260531,3,2026-06-08 23:03:13.729
2026-05-30,19,22.27,A2,A2_prdemcad_20260501_20260531,3,2026-06-08 23:03:13.729
2026-05-30,20,17.71,A2,A2_prdemcad_20260501_20260531,3,2026-06-08 23:03:13.729
2026-05-30,21,18.78,A2,A2_prdemcad_20260501_20260531,3,2026-06-08 23:03:13.729
2026-05-30,22,24.72,A2,A2_prdemcad_20260501_20260531,3,2026-06-08 23:03:13.729
2026-05-30,23,24.72,A2,A2_prdemcad_20260501_20260531,3,2026-06-08 23:03:13.729
2026-05-30,24,21.72,A2,A2_prdemcad_20260501_20260531,3,2026-06-08 23:03:13.729
2026-05-31,1,9.47,A2,A2_prdemcad_20260501_20260531,3,2026-06-08 23:03:13.729
2026-05-31,2,12.42,A2,A2_prdemcad_20260501_20260531,3,2026-06-08 23:03:13.729
2026-05-31,3,17.18,A2,A2_prdemcad_20260501_20260531,3,2026-06-08 23:03:13.729
2026-05-31,4,17.09,A2,A2_prdemcad_20260501_20260531,3,2026-06-08 23:03:13.729
2026-05-31,5,19.04,A2,A2_prdemcad_20260501_20260531,3,2026-06-08 23:03:13.729
2026-05-31,6,20.15,A2,A2_prdemcad_20260501_20260531,3,2026-06-08 23:03:13.729
2026-05-31,7,19.28,A2,A2_prdemcad_20260501_20260531,3,2026-06-08 23:03:13.729
2026-05-31,8,27.22,A2,A2_prdemcad_20260501_20260531,3,2026-06-08 23:03:13.729
2026-05-31,9,21.75,A2,A2_prdemcad_20260501_20260531,3,2026-06-08 23:03:13.729
2026-05-31,10,14.69,A2,A2_prdemcad_20260501_20260531,3,2026-06-08 23:03:13.729
2026-05-31,11,19.7,A2,A2_prdemcad_20260501_20260531,3,2026-06-08 23:03:13.729
2026-05-31,12,19.63,A2,A2_prdemcad_20260501_20260531,3,2026-06-08 23:03:13.729
2026-05-31,13,20.16,A2,A2_prdemcad_20260501_20260531,3,2026-06-08 23:03:13.729
2026-05-31,14,18.95,A2,A2_prdemcad_20260501_20260531,3,2026-06-08 23:03:13.729
2026-05-31,15,22.39,A2,A2_prdemcad_20260501_20260531,3,2026-06-08 23:03:13.729
2026-05-31,16,24.79,A2,A2_prdemcad_20260501_20260531,3,2026-06-08 23:03:13.729
2026-05-31,17,24.96,A2,A2_prdemcad_20260501_20260531,3,2026-06-08 23:03:13.729
2026-05-31,18,24.06,A2,A2_prdemcad_20260501_20260531,3,2026-06-08 23:03:13.729
2026-05-31,19,17.63,A2,A2_prdemcad_20260501_20260531,3,2026-06-08 23:03:13.729
2026-05-31,20,17.63,A2,A2_prdemcad_20260501_20260531,3,2026-06-08 23:03:13.729
2026-05-31,21,16.94,A2,A2_prdemcad_20260501_20260531,3,2026-06-08 23:03:13.729
2026-05-31,22,14.19,A2,A2_prdemcad_20260501_20260531,3,2026-06-08 23:03:13.729
2026-05-31,23,16.58,A2,A2_prdemcad_20260501_20260531,3,2026-06-08 23:03:13.729
2026-05-31,24,14.36,A2,A2_prdemcad_20260501_20260531,3,2026-06-08 23:03:13.729
2026-06-01,1,13.35,A1,A1_prdemcad_20260601_20260630,2,2026-06-16 23:13:29.939
2026-06-01,2,13.45,A1,A1_prdemcad_20260601_20260630,2,2026-06-16 23:13:29.939
2026-06-01,3,14.77,A1,A1_prdemcad_20260601_20260630,2,2026-06-16 23:13:29.939
2026-06-01,4,14.73,A1,A1_prdemcad_20260601_20260630,2,2026-06-16 23:13:29.939
2026-06-01,5,13.42,A1,A1_prdemcad_20260601_20260630,2,2026-06-16 23:13:29.939
2026-06-01,6,12.97,A1,A1_prdemcad_20260601_20260630,2,2026-06-16 23:13:29.939
2026-06-01,7,23.56,A1,A1_prdemcad_20260601_20260630,2,2026-06-16 23:13:29.939
2026-06-01,8,32.55,A1,A1_prdemcad_20260601_20260630,2,2026-06-16 23:13:29.939
2026-06-01,9,24.13,A1,A1_prdemcad_20260601_20260630,2,2026-06-16 23:13:29.939
2026-06-01,10,16.79,A1,A1_prdemcad_20260601_20260630,2,2026-06-16 23:13:29.939
2026-06-01,11,18.54,A1,A1_prdemcad_20260601_20260630,2,2026-06-16 23:13:29.939
2026-06-01,12,23.63,A1,A1_prdemcad_20260601_20260630,2,2026-06-16 23:13:29.939
2026-06-01,13,24.08,A1,A1_prdemcad_20260601_20260630,2,2026-06-16 23:13:29.939
2026-06-01,14,25.57,A1,A1_prdemcad_20260601_20260630,2,2026-06-16 23:13:29.939
2026-06-01,15,26.96,A1,A1_prdemcad_20260601_20260630,2,2026-06-16 23:13:29.939
2026-06-01,16,29.04,A1,A1_prdemcad_20260601_20260630,2,2026-06-16 23:13:29.939
2026-06-01,17,25.15,A1,A1_prdemcad_20260601_20260630,2,2026-06-16 23:13:29.939
2026-06-01,18,22.23,A1,A1_prdemcad_20260601_20260630,2,2026-06-16 23:13:29.939
2026-06-01,19,18.56,A1,A1_prdemcad_20260601_20260630,2,2026-06-16 23:13:29.939
2026-06-01,20,18.3,A1,A1_prdemcad_20260601_20260630,2,2026-06-16 23:13:29.939
2026-06-01,21,26.0,A1,A1_prdemcad_20260601_20260630,2,2026-06-16 23:13:29.939
2026-06-01,22,24.06,A1,A1_prdemcad_20260601_20260630,2,2026-06-16 23:13:29.939
2026-06-01,23,24.44,A1,A1_prdemcad_20260601_20260630,2,2026-06-16 23:13:29.939
2026-06-01,24,24.78,A1,A1_prdemcad_20260601_20260630,2,2026-06-16 23:13:29.939
2026-06-02,1,7.74,A1,A1_prdemcad_20260601_20260630,2,2026-06-16 23:13:29.939
2026-06-02,2,8.67,A1,A1_prdemcad_20260601_20260630,2,2026-06-16 23:13:29.939
2026-06-02,3,9.98,A1,A1_prdemcad_20260601_20260630,2,2026-06-16 23:13:29.939
2026-06-02,4,11.6,A1,A1_prdemcad_20260601_20260630,2,2026-06-16 23:13:29.939
2026-06-02,5,12.53,A1,A1_prdemcad_20260601_20260630,2,2026-06-16 23:13:29.939
2026-06-02,6,12.27,A1,A1_prdemcad_20260601_20260630,2,2026-06-16 23:13:29.939
2026-06-02,7,9.89,A1,A1_prdemcad_20260601_20260630,2,2026-06-16 23:13:29.939
2026-06-02,8,14.53,A1,A1_prdemcad_20260601_20260630,2,2026-06-16 23:13:29.939
2026-06-02,9,13.5,A1,A1_prdemcad_20260601_20260630,2,2026-06-16 23:13:29.939
2026-06-02,10,16.94,A1,A1_prdemcad_20260601_20260630,2,2026-06-16 23:13:29.939
2026-06-02,11,20.27,A1,A1_prdemcad_20260601_20260630,2,2026-06-16 23:13:29.939
2026-06-02,12,23.56,A1,A1_prdemcad_20260601_20260630,2,2026-06-16 23:13:29.939
2026-06-02,13,23.47,A1,A1_prdemcad_20260601_20260630,2,2026-06-16 23:13:29.939
2026-06-02,14,26.77,A1,A1_prdemcad_20260601_20260630,2,2026-06-16 23:13:29.939
2026-06-02,15,26.81,A1,A1_prdemcad_20260601_20260630,2,2026-06-16 23:13:29.939
2026-06-02,16,24.13,A1,A1_prdemcad_20260601_20260630,2,2026-06-16 23:13:29.939
2026-06-02,17,23.04,A1,A1_prdemcad_20260601_20260630,2,2026-06-16 23:13:29.939
2026-06-02,18,28.58,A1,A1_prdemcad_20260601_20260630,2,2026-06-16 23:13:29.939
2026-06-02,19,31.92,A1,A1_prdemcad_20260601_20260630,2,2026-06-16 23:13:29.939
2026-06-02,20,31.15,A1,A1_prdemcad_20260601_20260630,2,2026-06-16 23:13:29.939
2026-06-02,21,31.04,A1,A1_prdemcad_20260601_20260630,2,2026-06-16 23:13:29.939
2026-06-02,22,25.04,A1,A1_prdemcad_20260601_20260630,2,2026-06-16 23:13:29.939
2026-06-02,23,20.04,A1,A1_prdemcad_20260601_20260630,2,2026-06-16 23:13:29.939
2026-06-02,24,19.34,A1,A1_prdemcad_20260601_20260630,2,2026-06-16 23:13:29.939
2026-06-03,1,16.67,A1,A1_prdemcad_20260601_20260630,2,2026-06-16 23:13:29.939
2026-06-03,2,17.84,A1,A1_prdemcad_20260601_20260630,2,2026-06-16 23:13:29.939
2026-06-03,3,18.97,A1,A1_prdemcad_20260601_20260630,2,2026-06-16 23:13:29.939
2026-06-03,4,19.95,A1,A1_prdemcad_20260601_20260630,2,2026-06-16 23:13:29.939
2026-06-03,5,19.52,A1,A1_prdemcad_20260601_20260630,2,2026-06-16 23:13:29.939
2026-06-03,6,19.56,A1,A1_prdemcad_20260601_20260630,2,2026-06-16 23:13:29.939
2026-06-03,7,16.88,A1,A1_prdemcad_20260601_20260630,2,2026-06-16 23:13:29.939
2026-06-03,8,20.87,A1,A1_prdemcad_20260601_20260630,2,2026-06-16 23:13:29.939
2026-06-03,9,22.23,A1,A1_prdemcad_20260601_20260630,2,2026-06-16 23:13:29.939
2026-06-03,10,15.87,A1,A1_prdemcad_20260601_20260630,2,2026-06-16 23:13:29.939
2026-06-03,11,18.1,A1,A1_prdemcad_20260601_20260630,2,2026-06-16 23:13:29.939
2026-06-03,12,24.22,A1,A1_prdemcad_20260601_20260630,2,2026-06-16 23:13:29.939
2026-06-03,13,24.56,A1,A1_prdemcad_20260601_20260630,2,2026-06-16 23:13:29.939
2026-06-03,14,22.81,A1,A1_prdemcad_20260601_20260630,2,2026-06-16 23:13:29.939
2026-06-03,15,24.06,A1,A1_prdemcad_20260601_20260630,2,2026-06-16 23:13:29.939
2026-06-03,16,22.99,A1,A1_prdemcad_20260601_20260630,2,2026-06-16 23:13:29.939
2026-06-03,17,19.61,A1,A1_prdemcad_20260601_20260630,2,2026-06-16 23:13:29.939
2026-06-03,18,18.03,A1,A1_prdemcad_20260601_20260630,2,2026-06-16 23:13:29.939
2026-06-03,19,16.83,A1,A1_prdemcad_20260601_20260630,2,2026-06-16 23:13:29.939
2026-06-03,20,14.61,A1,A1_prdemcad_20260601_20260630,2,2026-06-16 23:13:29.939
2026-06-03,21,16.98,A1,A1_prdemcad_20260601_20260630,2,2026-06-16 23:13:29.939
2026-06-03,22,22.52,A1,A1_prdemcad_20260601_20260630,2,2026-06-16 23:13:29.939
2026-06-03,23,21.96,A1,A1_prdemcad_20260601_20260630,2,2026-06-16 23:13:29.939
2026-06-03,24,16.29,A1,A1_prdemcad_20260601_20260630,2,2026-06-16 23:13:29.939
2026-06-04,1,10.49,A1,A1_prdemcad_20260601_20260630,2,2026-06-16 23:13:29.939
2026-06-04,2,9.82,A1,A1_prdemcad_20260601_20260630,2,2026-06-16 23:13:29.939
2026-06-04,3,8.88,A1,A1_prdemcad_20260601_20260630,2,2026-06-16 23:13:29.939
2026-06-04,4,10.39,A1,A1_prdemcad_20260601_20260630,2,2026-06-16 23:13:29.939
2026-06-04,5,10.1,A1,A1_prdemcad_20260601_20260630,2,2026-06-16 23:13:29.939
2026-06-04,6,10.69,A1,A1_prdemcad_20260601_20260630,2,2026-06-16 23:13:29.939
2026-06-04,7,17.02,A1,A1_prdemcad_20260601_20260630,2,2026-06-16 23:13:29.939
2026-06-04,8,24.63,A1,A1_prdemcad_20260601_20260630,2,2026-06-16 23:13:29.939
2026-06-04,9,17.6,A1,A1_prdemcad_20260601_20260630,2,2026-06-16 23:13:29.939
2026-06-04,10,16.29,A1,A1_prdemcad_20260601_20260630,2,2026-06-16 23:13:29.939
2026-06-04,11,21.67,A1,A1_prdemcad_20260601_20260630,2,2026-06-16 23:13:29.939
2026-06-04,12,24.39,A1,A1_prdemcad_20260601_20260630,2,2026-06-16 23:13:29.939
2026-06-04,13,26.94,A1,A1_prdemcad_20260601_20260630,2,2026-06-16 23:13:29.939
2026-06-04,14,28.28,A1,A1_prdemcad_20260601_20260630,2,2026-06-16 23:13:29.939
2026-06-04,15,29.94,A1,A1_prdemcad_20260601_20260630,2,2026-06-16 23:13:29.939
2026-06-04,16,32.32,A1,A1_prdemcad_20260601_20260630,2,2026-06-16 23:13:29.939
2026-06-04,17,32.37,A1,A1_prdemcad_20260601_20260630,2,2026-06-16 23:13:29.939
2026-06-04,18,26.76,A1,A1_prdemcad_20260601_20260630,2,2026-06-16 23:13:29.939
2026-06-04,19,23.86,A1,A1_prdemcad_20260601_20260630,2,2026-06-16 23:13:29.939
2026-06-04,20,20.16,A1,A1_prdemcad_20260601_20260630,2,2026-06-16 23:13:29.939
2026-06-04,21,17.75,A1,A1_prdemcad_20260601_20260630,2,2026-06-16 23:13:29.939
2026-06-04,22,19.38,A1,A1_prdemcad_20260601_20260630,2,2026-06-16 23:13:29.939
2026-06-04,23,22.16,A1,A1_prdemcad_20260601_20260630,2,2026-06-16 23:13:29.939
2026-06-04,24,23.72,A1,A1_prdemcad_20260601_20260630,2,2026-06-16 23:13:29.939
2026-06-05,1,26.27,A1,A1_prdemcad_20260601_20260630,2,2026-06-16 23:13:29.939
2026-06-05,2,28.45,A1,A1_prdemcad_20260601_20260630,2,2026-06-16 23:13:29.939
2026-06-05,3,25.56,A1,A1_prdemcad_20260601_20260630,2,2026-06-16 23:13:29.939
2026-06-05,4,24.18,A1,A1_prdemcad_20260601_20260630,2,2026-06-16 23:13:29.939
2026-06-05,5,29.25,A1,A1_prdemcad_20260601_20260630,2,2026-06-16 23:13:29.939
2026-06-05,6,29.23,A1,A1_prdemcad_20260601_20260630,2,2026-06-16 23:13:29.939
2026-06-05,7,38.06,A1,A1_prdemcad_20260601_20260630,2,2026-06-16 23:13:29.939
2026-06-05,8,39.15,A1,A1_prdemcad_20260601_20260630,2,2026-06-16 23:13:29.939
2026-06-05,9,29.51,A1,A1_prdemcad_20260601_20260630,2,2026-06-16 23:13:29.939
2026-06-05,10,25.87,A1,A1_prdemcad_20260601_20260630,2,2026-06-16 23:13:29.939
2026-06-05,11,35.74,A1,A1_prdemcad_20260601_20260630,2,2026-06-16 23:13:29.939
2026-06-05,12,41.19,A1,A1_prdemcad_20260601_20260630,2,2026-06-16 23:13:29.939
2026-06-05,13,42.1,A1,A1_prdemcad_20260601_20260630,2,2026-06-16 23:13:29.939
2026-06-05,14,48.12,A1,A1_prdemcad_20260601_20260630,2,2026-06-16 23:13:29.939
2026-06-05,15,51.03,A1,A1_prdemcad_20260601_20260630,2,2026-06-16 23:13:29.939
2026-06-05,16,47.59,A1,A1_prdemcad_20260601_20260630,2,2026-06-16 23:13:29.939
2026-06-05,17,44.9,A1,A1_prdemcad_20260601_20260630,2,2026-06-16 23:13:29.939
2026-06-05,18,40.9,A1,A1_prdemcad_20260601_20260630,2,2026-06-16 23:13:29.939
2026-06-05,19,40.35,A1,A1_prdemcad_20260601_20260630,2,2026-06-16 23:13:29.939
2026-06-05,20,37.77,A1,A1_prdemcad_20260601_20260630,2,2026-06-16 23:13:29.939
2026-06-05,21,22.25,A1,A1_prdemcad_20260601_20260630,2,2026-06-16 23:13:29.939
2026-06-05,22,14.15,A1,A1_prdemcad_20260601_20260630,2,2026-06-16 23:13:29.939
2026-06-05,23,22.17,A1,A1_prdemcad_20260601_20260630,2,2026-06-16 23:13:29.939
2026-06-05,24,23.93,A1,A1_prdemcad_20260601_20260630,2,2026-06-16 23:13:29.939
2026-06-06,1,10.85,A1,A1_prdemcad_20260601_20260630,2,2026-06-16 23:13:29.939
2026-06-06,2,11.29,A1,A1_prdemcad_20260601_20260630,2,2026-06-16 23:13:29.939
2026-06-06,3,10.89,A1,A1_prdemcad_20260601_20260630,2,2026-06-16 23:13:29.939
2026-06-06,4,10.8,A1,A1_prdemcad_20260601_20260630,2,2026-06-16 23:13:29.939
2026-06-06,5,11.73,A1,A1_prdemcad_20260601_20260630,2,2026-06-16 23:13:29.939
2026-06-06,6,12.45,A1,A1_prdemcad_20260601_20260630,2,2026-06-16 23:13:29.939
2026-06-06,7,23.6,A1,A1_prdemcad_20260601_20260630,2,2026-06-16 23:13:29.939
2026-06-06,8,30.19,A1,A1_prdemcad_20260601_20260630,2,2026-06-16 23:13:29.939
2026-06-06,9,20.86,A1,A1_prdemcad_20260601_20260630,2,2026-06-16 23:13:29.939
2026-06-06,10,20.6,A1,A1_prdemcad_20260601_20260630,2,2026-06-16 23:13:29.939
2026-06-06,11,16.75,A1,A1_prdemcad_20260601_20260630,2,2026-06-16 23:13:29.939
2026-06-06,12,15.94,A1,A1_prdemcad_20260601_20260630,2,2026-06-16 23:13:29.939
2026-06-06,13,17.22,A1,A1_prdemcad_20260601_20260630,2,2026-06-16 23:13:29.939
2026-06-06,14,17.04,A1,A1_prdemcad_20260601_20260630,2,2026-06-16 23:13:29.939
2026-06-06,15,17.31,A1,A1_prdemcad_20260601_20260630,2,2026-06-16 23:13:29.939
2026-06-06,16,17.91,A1,A1_prdemcad_20260601_20260630,2,2026-06-16 23:13:29.939
2026-06-06,17,18.23,A1,A1_prdemcad_20260601_20260630,2,2026-06-16 23:13:29.939
2026-06-06,18,20.29,A1,A1_prdemcad_20260601_20260630,2,2026-06-16 23:13:29.939
2026-06-06,19,23.61,A1,A1_prdemcad_20260601_20260630,2,2026-06-16 23:13:29.939
2026-06-06,20,20.75,A1,A1_prdemcad_20260601_20260630,2,2026-06-16 23:13:29.939
2026-06-06,21,12.74,A1,A1_prdemcad_20260601_20260630,2,2026-06-16 23:13:29.939
2026-06-06,22,9.7,A1,A1_prdemcad_20260601_20260630,2,2026-06-16 23:13:29.939
2026-06-06,23,12.82,A1,A1_prdemcad_20260601_20260630,2,2026-06-16 23:13:29.939
2026-06-06,24,12.99,A1,A1_prdemcad_20260601_20260630,2,2026-06-16 23:13:29.939
2026-06-07,1,12.15,A1,A1_prdemcad_20260601_20260630,2,2026-06-16 23:13:29.939
2026-06-07,2,13.94,A1,A1_prdemcad_20260601_20260630,2,2026-06-16 23:13:29.939
2026-06-07,3,14.45,A1,A1_prdemcad_20260601_20260630,2,2026-06-16 23:13:29.939
2026-06-07,4,16.1,A1,A1_prdemcad_20260601_20260630,2,2026-06-16 23:13:29.939
2026-06-07,5,15.79,A1,A1_prdemcad_20260601_20260630,2,2026-06-16 23:13:29.939
2026-06-07,6,15.34,A1,A1_prdemcad_20260601_20260630,2,2026-06-16 23:13:29.939
2026-06-07,7,15.55,A1,A1_prdemcad_20260601_20260630,2,2026-06-16 23:13:29.939
2026-06-07,8,21.29,A1,A1_prdemcad_20260601_20260630,2,2026-06-16 23:13:29.939
2026-06-07,9,30.81,A1,A1_prdemcad_20260601_20260630,2,2026-06-16 23:13:29.939
2026-06-07,10,27.03,A1,A1_prdemcad_20260601_20260630,2,2026-06-16 23:13:29.939
2026-06-07,11,20.27,A1,A1_prdemcad_20260601_20260630,2,2026-06-16 23:13:29.939
2026-06-07,12,20.11,A1,A1_prdemcad_20260601_20260630,2,2026-06-16 23:13:29.939
2026-06-07,13,23.55,A1,A1_prdemcad_20260601_20260630,2,2026-06-16 23:13:29.939
2026-06-07,14,24.0,A1,A1_prdemcad_20260601_20260630,2,2026-06-16 23:13:29.939
2026-06-07,15,25.59,A1,A1_prdemcad_20260601_20260630,2,2026-06-16 23:13:29.939
2026-06-07,16,27.03,A1,A1_prdemcad_20260601_20260630,2,2026-06-16 23:13:29.939
2026-06-07,17,26.97,A1,A1_prdemcad_20260601_20260630,2,2026-06-16 23:13:29.939
2026-06-07,18,36.82,A1,A1_prdemcad_20260601_20260630,2,2026-06-16 23:13:29.939
2026-06-07,19,37.43,A1,A1_prdemcad_20260601_20260630,2,2026-06-16 23:13:29.939
2026-06-07,20,27.11,A1,A1_prdemcad_20260601_20260630,2,2026-06-16 23:13:29.939
2026-06-07,21,11.76,A1,A1_prdemcad_20260601_20260630,2,2026-06-16 23:13:29.939
2026-06-07,22,11.19,A1,A1_prdemcad_20260601_20260630,2,2026-06-16 23:13:29.939
2026-06-07,23,9.4,A1,A1_prdemcad_20260601_20260630,2,2026-06-16 23:13:29.939
2026-06-07,24,11.3,A1,A1_prdemcad_20260601_20260630,2,2026-06-16 23:13:29.939
2026-06-08,1,10.67,A1,A1_prdemcad_20260601_20260630,2,2026-06-16 23:13:29.939
2026-06-08,2,12.37,A1,A1_prdemcad_20260601_20260630,2,2026-06-16 23:13:29.939
2026-06-08,3,12.82,A1,A1_prdemcad_20260601_20260630,2,2026-06-16 23:13:29.939
2026-06-08,4,13.18,A1,A1_prdemcad_20260601_20260630,2,2026-06-16 23:13:29.939
2026-06-08,5,13.82,A1,A1_prdemcad_20260601_20260630,2,2026-06-16 23:13:29.939
2026-06-08,6,14.07,A1,A1_prdemcad_20260601_20260630,2,2026-06-16 23:13:29.939
2026-06-08,7,13.33,A1,A1_prdemcad_20260601_20260630,2,2026-06-16 23:13:29.939
2026-06-08,8,17.84,A1,A1_prdemcad_20260601_20260630,2,2026-06-16 23:13:29.939
2026-06-08,9,18.35,A1,A1_prdemcad_20260601_20260630,2,2026-06-16 23:13:29.939
2026-06-08,10,17.93,A1,A1_prdemcad_20260601_20260630,2,2026-06-16 23:13:29.939
2026-06-08,11,21.12,A1,A1_prdemcad_20260601_20260630,2,2026-06-16 23:13:29.939
2026-06-08,12,25.12,A1,A1_prdemcad_20260601_20260630,2,2026-06-16 23:13:29.939
2026-06-08,13,30.47,A1,A1_prdemcad_20260601_20260630,2,2026-06-16 23:13:29.939
2026-06-08,14,30.5,A1,A1_prdemcad_20260601_20260630,2,2026-06-16 23:13:29.939
2026-06-08,15,27.83,A1,A1_prdemcad_20260601_20260630,2,2026-06-16 23:13:29.939
2026-06-08,16,32.58,A1,A1_prdemcad_20260601_20260630,2,2026-06-16 23:13:29.939
2026-06-08,17,30.97,A1,A1_prdemcad_20260601_20260630,2,2026-06-16 23:13:29.939
2026-06-08,18,31.85,A1,A1_prdemcad_20260601_20260630,2,2026-06-16 23:13:29.939
2026-06-08,19,31.14,A1,A1_prdemcad_20260601_20260630,2,2026-06-16 23:13:29.939
2026-06-08,20,27.42,A1,A1_prdemcad_20260601_20260630,2,2026-06-16 23:13:29.939
2026-06-08,21,17.88,A1,A1_prdemcad_20260601_20260630,2,2026-06-16 23:13:29.939
2026-06-08,22,12.75,A1,A1_prdemcad_20260601_20260630,2,2026-06-16 23:13:29.939
2026-06-08,23,14.18,A1,A1_prdemcad_20260601_20260630,2,2026-06-16 23:13:29.939
2026-06-08,24,18.24,A1,A1_prdemcad_20260601_20260630,2,2026-06-16 23:13:29.939
2026-06-09,1,10.68,A1,A1_prdemcad_20260601_20260630,2,2026-06-16 23:13:29.939
2026-06-09,2,11.61,A1,A1_prdemcad_20260601_20260630,2,2026-06-16 23:13:29.939
2026-06-09,3,14.02,A1,A1_prdemcad_20260601_20260630,2,2026-06-16 23:13:29.939
2026-06-09,4,14.9,A1,A1_prdemcad_20260601_20260630,2,2026-06-16 23:13:29.939
2026-06-09,5,15.28,A1,A1_prdemcad_20260601_20260630,2,2026-06-16 23:13:29.939
2026-06-09,6,14.63,A1,A1_prdemcad_20260601_20260630,2,2026-06-16 23:13:29.939
2026-06-09,7,13.07,A1,A1_prdemcad_20260601_20260630,2,2026-06-16 23:13:29.939
2026-06-09,8,16.75,A1,A1_prdemcad_20260601_20260630,2,2026-06-16 23:13:29.939
2026-06-09,9,17.72,A1,A1_prdemcad_20260601_20260630,2,2026-06-16 23:13:29.939
2026-06-09,10,19.42,A1,A1_prdemcad_20260601_20260630,2,2026-06-16 23:13:29.939
2026-06-09,11,25.22,A1,A1_prdemcad_20260601_20260630,2,2026-06-16 23:13:29.939
2026-06-09,12,26.98,A1,A1_prdemcad_20260601_20260630,2,2026-06-16 23:13:29.939
2026-06-09,13,22.89,A1,A1_prdemcad_20260601_20260630,2,2026-06-16 23:13:29.939
2026-06-09,14,28.66,A1,A1_prdemcad_20260601_20260630,2,2026-06-16 23:13:29.939
2026-06-09,15,26.27,A1,A1_prdemcad_20260601_20260630,2,2026-06-16 23:13:29.939
2026-06-09,16,25.51,A1,A1_prdemcad_20260601_20260630,2,2026-06-16 23:13:29.939
2026-06-09,17,25.8,A1,A1_prdemcad_20260601_20260630,2,2026-06-16 23:13:29.939
2026-06-09,18,25.47,A1,A1_prdemcad_20260601_20260630,2,2026-06-16 23:13:29.939
2026-06-09,19,28.88,A1,A1_prdemcad_20260601_20260630,2,2026-06-16 23:13:29.939
2026-06-09,20,28.17,A1,A1_prdemcad_20260601_20260630,2,2026-06-16 23:13:29.939
2026-06-09,21,17.79,A1,A1_prdemcad_20260601_20260630,2,2026-06-16 23:13:29.939
2026-06-09,22,11.54,A1,A1_prdemcad_20260601_20260630,2,2026-06-16 23:13:29.939
2026-06-09,23,11.48,A1,A1_prdemcad_20260601_20260630,2,2026-06-16 23:13:29.939
2026-06-09,24,14.69,A1,A1_prdemcad_20260601_20260630,2,2026-06-16 23:13:29.939
2026-06-10,1,13.22,A1,A1_prdemcad_20260601_20260630,2,2026-06-16 23:13:29.939
2026-06-10,2,11.98,A1,A1_prdemcad_20260601_20260630,2,2026-06-16 23:13:29.939
2026-06-10,3,14.01,A1,A1_prdemcad_20260601_20260630,2,2026-06-16 23:13:29.939
2026-06-10,4,16.23,A1,A1_prdemcad_20260601_20260630,2,2026-06-16 23:13:29.939
2026-06-10,5,15.8,A1,A1_prdemcad_20260601_20260630,2,2026-06-16 23:13:29.939
2026-06-10,6,15.44,A1,A1_prdemcad_20260601_20260630,2,2026-06-16 23:13:29.939
2026-06-10,7,11.22,A1,A1_prdemcad_20260601_20260630,2,2026-06-16 23:13:29.939
2026-06-10,8,16.41,A1,A1_prdemcad_20260601_20260630,2,2026-06-16 23:13:29.939
2026-06-10,9,17.64,A1,A1_prdemcad_20260601_20260630,2,2026-06-16 23:13:29.939
2026-06-10,10,20.19,A1,A1_prdemcad_20260601_20260630,2,2026-06-16 23:13:29.939
2026-06-10,11,25.69,A1,A1_prdemcad_20260601_20260630,2,2026-06-16 23:13:29.939
2026-06-10,12,31.61,A1,A1_prdemcad_20260601_20260630,2,2026-06-16 23:13:29.939
2026-06-10,13,33.55,A1,A1_prdemcad_20260601_20260630,2,2026-06-16 23:13:29.939
2026-06-10,14,32.77,A1,A1_prdemcad_20260601_20260630,2,2026-06-16 23:13:29.939
2026-06-10,15,30.31,A1,A1_prdemcad_20260601_20260630,2,2026-06-16 23:13:29.939
2026-06-10,16,28.37,A1,A1_prdemcad_20260601_20260630,2,2026-06-16 23:13:29.939
2026-06-10,17,27.03,A1,A1_prdemcad_20260601_20260630,2,2026-06-16 23:13:29.939
2026-06-10,18,24.7,A1,A1_prdemcad_20260601_20260630,2,2026-06-16 23:13:29.939
2026-06-10,19,22.83,A1,A1_prdemcad_20260601_20260630,2,2026-06-16 23:13:29.939
2026-06-10,20,23.42,A1,A1_prdemcad_20260601_20260630,2,2026-06-16 23:13:29.939
2026-06-10,21,20.53,A1,A1_prdemcad_20260601_20260630,2,2026-06-16 23:13:29.939
2026-06-10,22,11.64,A1,A1_prdemcad_20260601_20260630,2,2026-06-16 23:13:29.939
2026-06-10,23,12.69,A1,A1_prdemcad_20260601_20260630,2,2026-06-16 23:13:29.939
2026-06-10,24,15.37,A1,A1_prdemcad_20260601_20260630,2,2026-06-16 23:13:29.939
2026-06-11,1,13.5,A1,A1_prdemcad_20260601_20260630,2,2026-06-16 23:13:29.939
2026-06-11,2,18.29,A1,A1_prdemcad_20260601_20260630,2,2026-06-16 23:13:29.939
2026-06-11,3,21.72,A1,A1_prdemcad_20260601_20260630,2,2026-06-16 23:13:29.939
2026-06-11,4,21.15,A1,A1_prdemcad_20260601_20260630,2,2026-06-16 23:13:29.939
2026-06-11,5,20.05,A1,A1_prdemcad_20260601_20260630,2,2026-06-16 23:13:29.939
2026-06-11,6,18.43,A1,A1_prdemcad_20260601_20260630,2,2026-06-16 23:13:29.939
2026-06-11,7,15.14,A1,A1_prdemcad_20260601_20260630,2,2026-06-16 23:13:29.939
2026-06-11,8,15.41,A1,A1_prdemcad_20260601_20260630,2,2026-06-16 23:13:29.939
2026-06-11,9,20.02,A1,A1_prdemcad_20260601_20260630,2,2026-06-16 23:13:29.939
2026-06-11,10,19.6,A1,A1_prdemcad_20260601_20260630,2,2026-06-16 23:13:29.939
2026-06-11,11,21.8,A1,A1_prdemcad_20260601_20260630,2,2026-06-16 23:13:29.939
2026-06-11,12,23.23,A1,A1_prdemcad_20260601_20260630,2,2026-06-16 23:13:29.939
2026-06-11,13,26.66,A1,A1_prdemcad_20260601_20260630,2,2026-06-16 23:13:29.939
2026-06-11,14,26.08,A1,A1_prdemcad_20260601_20260630,2,2026-06-16 23:13:29.939
2026-06-11,15,27.25,A1,A1_prdemcad_20260601_20260630,2,2026-06-16 23:13:29.939
2026-06-11,16,24.53,A1,A1_prdemcad_20260601_20260630,2,2026-06-16 23:13:29.939
2026-06-11,17,25.25,A1,A1_prdemcad_20260601_20260630,2,2026-06-16 23:13:29.939
2026-06-11,18,22.03,A1,A1_prdemcad_20260601_20260630,2,2026-06-16 23:13:29.939
2026-06-11,19,23.06,A1,A1_prdemcad_20260601_20260630,2,2026-06-16 23:13:29.939
2026-06-11,20,25.9,A1,A1_prdemcad_20260601_20260630,2,2026-06-16 23:13:29.939
2026-06-11,21,16.17,A1,A1_prdemcad_20260601_20260630,2,2026-06-16 23:13:29.939
2026-06-11,22,9.12,A1,A1_prdemcad_20260601_20260630,2,2026-06-16 23:13:29.939
2026-06-11,23,11.85,A1,A1_prdemcad_20260601_20260630,2,2026-06-16 23:13:29.939
2026-06-11,24,14.72,A1,A1_prdemcad_20260601_20260630,2,2026-06-16 23:13:29.939
2026-06-12,1,14.01,A1,A1_prdemcad_20260601_20260630,2,2026-06-16 23:13:29.939
2026-06-12,2,15.63,A1,A1_prdemcad_20260601_20260630,2,2026-06-16 23:13:29.939
2026-06-12,3,17.27,A1,A1_prdemcad_20260601_20260630,2,2026-06-16 23:13:29.939
2026-06-12,4,15.27,A1,A1_prdemcad_20260601_20260630,2,2026-06-16 23:13:29.939
2026-06-12,5,16.79,A1,A1_prdemcad_20260601_20260630,2,2026-06-16 23:13:29.939
2026-06-12,6,14.79,A1,A1_prdemcad_20260601_20260630,2,2026-06-16 23:13:29.939
2026-06-12,7,12.52,A1,A1_prdemcad_20260601_20260630,2,2026-06-16 23:13:29.939
2026-06-12,8,17.83,A1,A1_prdemcad_20260601_20260630,2,2026-06-16 23:13:29.939
2026-06-12,9,17.42,A1,A1_prdemcad_20260601_20260630,2,2026-06-16 23:13:29.939
2026-06-12,10,17.75,A1,A1_prdemcad_20260601_20260630,2,2026-06-16 23:13:29.939
2026-06-12,11,21.88,A1,A1_prdemcad_20260601_20260630,2,2026-06-16 23:13:29.939
2026-06-12,12,24.96,A1,A1_prdemcad_20260601_20260630,2,2026-06-16 23:13:29.939
2026-06-12,13,26.18,A1,A1_prdemcad_20260601_20260630,2,2026-06-16 23:13:29.939
2026-06-12,14,27.91,A1,A1_prdemcad_20260601_20260630,2,2026-06-16 23:13:29.939
2026-06-12,15,27.99,A1,A1_prdemcad_20260601_20260630,2,2026-06-16 23:13:29.939
2026-06-12,16,28.53,A1,A1_prdemcad_20260601_20260630,2,2026-06-16 23:13:29.939
2026-06-12,17,25.06,A1,A1_prdemcad_20260601_20260630,2,2026-06-16 23:13:29.939
2026-06-12,18,19.12,A1,A1_prdemcad_20260601_20260630,2,2026-06-16 23:13:29.939
2026-06-12,19,17.91,A1,A1_prdemcad_20260601_20260630,2,2026-06-16 23:13:29.939
2026-06-12,20,19.98,A1,A1_prdemcad_20260601_20260630,2,2026-06-16 23:13:29.939
2026-06-12,21,13.58,A1,A1_prdemcad_20260601_20260630,2,2026-06-16 23:13:29.939
2026-06-12,22,12.52,A1,A1_prdemcad_20260601_20260630,2,2026-06-16 23:13:29.939
2026-06-12,23,16.03,A1,A1_prdemcad_20260601_20260630,2,2026-06-16 23:13:29.939
2026-06-12,24,16.39,A1,A1_prdemcad_20260601_20260630,2,2026-06-16 23:13:29.939
2026-06-13,1,9.45,A1,A1_prdemcad_20260601_20260630,2,2026-06-16 23:13:29.939
2026-06-13,2,10.1,A1,A1_prdemcad_20260601_20260630,2,2026-06-16 23:13:29.939
2026-06-13,3,10.5,A1,A1_prdemcad_20260601_20260630,2,2026-06-16 23:13:29.939
2026-06-13,4,12.32,A1,A1_prdemcad_20260601_20260630,2,2026-06-16 23:13:29.939
2026-06-13,5,14.76,A1,A1_prdemcad_20260601_20260630,2,2026-06-16 23:13:29.939
2026-06-13,6,12.99,A1,A1_prdemcad_20260601_20260630,2,2026-06-16 23:13:29.939
2026-06-13,7,9.75,A1,A1_prdemcad_20260601_20260630,2,2026-06-16 23:13:29.939
2026-06-13,8,19.1,A1,A1_prdemcad_20260601_20260630,2,2026-06-16 23:13:29.939
2026-06-13,9,13.05,A1,A1_prdemcad_20260601_20260630,2,2026-06-16 23:13:29.939
2026-06-13,10,13.44,A1,A1_prdemcad_20260601_20260630,2,2026-06-16 23:13:29.939
2026-06-13,11,15.36,A1,A1_prdemcad_20260601_20260630,2,2026-06-16 23:13:29.939
2026-06-13,12,18.21,A1,A1_prdemcad_20260601_20260630,2,2026-06-16 23:13:29.939
2026-06-13,13,15.77,A1,A1_prdemcad_20260601_20260630,2,2026-06-16 23:13:29.939
2026-06-13,14,15.81,A1,A1_prdemcad_20260601_20260630,2,2026-06-16 23:13:29.939
2026-06-13,15,16.57,A1,A1_prdemcad_20260601_20260630,2,2026-06-16 23:13:29.939
2026-06-13,16,17.18,A1,A1_prdemcad_20260601_20260630,2,2026-06-16 23:13:29.939
2026-06-13,17,17.37,A1,A1_prdemcad_20260601_20260630,2,2026-06-16 23:13:29.939
2026-06-13,18,20.46,A1,A1_prdemcad_20260601_20260630,2,2026-06-16 23:13:29.939
2026-06-13,19,21.47,A1,A1_prdemcad_20260601_20260630,2,2026-06-16 23:13:29.939
2026-06-13,20,16.12,A1,A1_prdemcad_20260601_20260630,2,2026-06-16 23:13:29.939
2026-06-13,21,7.51,A1,A1_prdemcad_20260601_20260630,2,2026-06-16 23:13:29.939
2026-06-13,22,12.74,A1,A1_prdemcad_20260601_20260630,2,2026-06-16 23:13:29.939
2026-06-13,23,13.91,A1,A1_prdemcad_20260601_20260630,2,2026-06-16 23:13:29.939
2026-06-13,24,14.11,A1,A1_prdemcad_20260601_20260630,2,2026-06-16 23:13:29.939
2026-06-14,1,10.58,A1,A1_prdemcad_20260601_20260630,2,2026-06-16 23:13:29.939
2026-06-14,2,8.95,A1,A1_prdemcad_20260601_20260630,2,2026-06-16 23:13:29.939
2026-06-14,3,8.82,A1,A1_prdemcad_20260601_20260630,2,2026-06-16 23:13:29.939
2026-06-14,4,11.12,A1,A1_prdemcad_20260601_20260630,2,2026-06-16 23:13:29.939
2026-06-14,5,10.55,A1,A1_prdemcad_20260601_20260630,2,2026-06-16 23:13:29.939
2026-06-14,6,10.57,A1,A1_prdemcad_20260601_20260630,2,2026-06-16 23:13:29.939
2026-06-14,7,10.33,A1,A1_prdemcad_20260601_20260630,2,2026-06-16 23:13:29.939
2026-06-14,8,18.38,A1,A1_prdemcad_20260601_20260630,2,2026-06-16 23:13:29.939
2026-06-14,9,22.48,A1,A1_prdemcad_20260601_20260630,2,2026-06-16 23:13:29.939
2026-06-14,10,15.73,A1,A1_prdemcad_20260601_20260630,2,2026-06-16 23:13:29.939
2026-06-14,11,14.17,A1,A1_prdemcad_20260601_20260630,2,2026-06-16 23:13:29.939
2026-06-14,12,14.15,A1,A1_prdemcad_20260601_20260630,2,2026-06-16 23:13:29.939
2026-06-14,13,14.33,A1,A1_prdemcad_20260601_20260630,2,2026-06-16 23:13:29.939
2026-06-14,14,13.93,A1,A1_prdemcad_20260601_20260630,2,2026-06-16 23:13:29.939
2026-06-14,15,14.68,A1,A1_prdemcad_20260601_20260630,2,2026-06-16 23:13:29.939
2026-06-14,16,13.98,A1,A1_prdemcad_20260601_20260630,2,2026-06-16 23:13:29.939
2026-06-14,17,13.78,A1,A1_prdemcad_20260601_20260630,2,2026-06-16 23:13:29.939
2026-06-14,18,15.97,A1,A1_prdemcad_20260601_20260630,2,2026-06-16 23:13:29.939
2026-06-14,19,12.27,A1,A1_prdemcad_20260601_20260630,2,2026-06-16 23:13:29.939
2026-06-14,20,12.92,A1,A1_prdemcad_20260601_20260630,2,2026-06-16 23:13:29.939
2026-06-14,21,18.91,A1,A1_prdemcad_20260601_20260630,2,2026-06-16 23:13:29.939
2026-06-14,22,22.35,A1,A1_prdemcad_20260601_20260630,2,2026-06-16 23:13:29.939
2026-06-14,23,23.2,A1,A1_prdemcad_20260601_20260630,2,2026-06-16 23:13:29.939
2026-06-14,24,18.55,A1,A1_prdemcad_20260601_20260630,2,2026-06-16 23:13:29.939
2026-06-15,1,6.37,A1,A1_prdemcad_20260601_20260630,2,2026-06-16 23:13:29.939
2026-06-15,2,10.14,A1,A1_prdemcad_20260601_20260630,2,2026-06-16 23:13:29.939
2026-06-15,3,7.63,A1,A1_prdemcad_20260601_20260630,2,2026-06-16 23:13:29.939
2026-06-15,4,5.94,A1,A1_prdemcad_20260601_20260630,2,2026-06-16 23:13:29.939
2026-06-15,5,7.72,A1,A1_prdemcad_20260601_20260630,2,2026-06-16 23:13:29.939
2026-06-15,6,12.27,A1,A1_prdemcad_20260601_20260630,2,2026-06-16 23:13:29.939
2026-06-15,7,16.31,A1,A1_prdemcad_20260601_20260630,2,2026-06-16 23:13:29.939
2026-06-15,8,24.72,A1,A1_prdemcad_20260601_20260630,2,2026-06-16 23:13:29.939
2026-06-15,9,17.71,A1,A1_prdemcad_20260601_20260630,2,2026-06-16 23:13:29.939
2026-06-15,10,7.36,A1,A1_prdemcad_20260601_20260630,2,2026-06-16 23:13:29.939
2026-06-15,11,5.44,A1,A1_prdemcad_20260601_20260630,2,2026-06-16 23:13:29.939
2026-06-15,12,11.89,A1,A1_prdemcad_20260601_20260630,2,2026-06-16 23:13:29.939
2026-06-15,13,17.4,A1,A1_prdemcad_20260601_20260630,2,2026-06-16 23:13:29.939
2026-06-15,14,17.87,A1,A1_prdemcad_20260601_20260630,2,2026-06-16 23:13:29.939
2026-06-15,15,19.14,A1,A1_prdemcad_20260601_20260630,2,2026-06-16 23:13:29.939
2026-06-15,16,13.71,A1,A1_prdemcad_20260601_20260630,2,2026-06-16 23:13:29.939
2026-06-15,17,22.56,A1,A1_prdemcad_20260601_20260630,2,2026-06-16 23:13:29.939
2026-06-15,18,22.97,A1,A1_prdemcad_20260601_20260630,2,2026-06-16 23:13:29.939
2026-06-15,19,20.27,A1,A1_prdemcad_20260601_20260630,2,2026-06-16 23:13:29.939
2026-06-15,20,26.1,A1,A1_prdemcad_20260601_20260630,2,2026-06-16 23:13:29.939
2026-06-15,21,26.85,A1,A1_prdemcad_20260601_20260630,2,2026-06-16 23:13:29.939
2026-06-15,22,24.6,A1,A1_prdemcad_20260601_20260630,2,2026-06-16 23:13:29.939
2026-06-15,23,25.32,A1,A1_prdemcad_20260601_20260630,2,2026-06-16 23:13:29.939
2026-06-15,24,28.7,A1,A1_prdemcad_20260601_20260630,2,2026-06-16 23:13:29.939
2026-06-16,1,7.96,A2,A2_prdemcad_20260601_20260630,3,2026-07-09 09:39:26.877
2026-06-16,2,11.28,A2,A2_prdemcad_20260601_20260630,3,2026-07-09 09:39:26.877
2026-06-16,3,7.28,A2,A2_prdemcad_20260601_20260630,3,2026-07-09 09:39:26.877
2026-06-16,4,7.75,A2,A2_prdemcad_20260601_20260630,3,2026-07-09 09:39:26.877
2026-06-16,5,7.84,A2,A2_prdemcad_20260601_20260630,3,2026-07-09 09:39:26.877
2026-06-16,6,10.47,A2,A2_prdemcad_20260601_20260630,3,2026-07-09 09:39:26.877
2026-06-16,7,21.69,A2,A2_prdemcad_20260601_20260630,3,2026-07-09 09:39:26.877
2026-06-16,8,26.26,A2,A2_prdemcad_20260601_20260630,3,2026-07-09 09:39:26.877
2026-06-16,9,17.85,A2,A2_prdemcad_20260601_20260630,3,2026-07-09 09:39:26.877
2026-06-16,10,16.51,A2,A2_prdemcad_20260601_20260630,3,2026-07-09 09:39:26.877
2026-06-16,11,20.51,A2,A2_prdemcad_20260601_20260630,3,2026-07-09 09:39:26.877
2026-06-16,12,21.95,A2,A2_prdemcad_20260601_20260630,3,2026-07-09 09:39:26.877
2026-06-16,13,22.18,A2,A2_prdemcad_20260601_20260630,3,2026-07-09 09:39:26.877
2026-06-16,14,19.51,A2,A2_prdemcad_20260601_20260630,3,2026-07-09 09:39:26.877
2026-06-16,15,18.72,A2,A2_prdemcad_20260601_20260630,3,2026-07-09 09:39:26.877
2026-06-16,16,18.59,A2,A2_prdemcad_20260601_20260630,3,2026-07-09 09:39:26.877
2026-06-16,17,17.24,A2,A2_prdemcad_20260601_20260630,3,2026-07-09 09:39:26.877
2026-06-16,18,14.74,A2,A2_prdemcad_20260601_20260630,3,2026-07-09 09:39:26.877
2026-06-16,19,19.37,A2,A2_prdemcad_20260601_20260630,3,2026-07-09 09:39:26.877
2026-06-16,20,17.45,A2,A2_prdemcad_20260601_20260630,3,2026-07-09 09:39:26.877
2026-06-16,21,21.35,A2,A2_prdemcad_20260601_20260630,3,2026-07-09 09:39:26.877
2026-06-16,22,21.21,A2,A2_prdemcad_20260601_20260630,3,2026-07-09 09:39:26.877
2026-06-16,23,22.13,A2,A2_prdemcad_20260601_20260630,3,2026-07-09 09:39:26.877
2026-06-16,24,27.39,A2,A2_prdemcad_20260601_20260630,3,2026-07-09 09:39:26.877
2026-06-17,1,8.23,A2,A2_prdemcad_20260601_20260630,3,2026-07-09 09:39:26.877
2026-06-17,2,10.08,A2,A2_prdemcad_20260601_20260630,3,2026-07-09 09:39:26.877
2026-06-17,3,5.5,A2,A2_prdemcad_20260601_20260630,3,2026-07-09 09:39:26.877
2026-06-17,4,4.65,A2,A2_prdemcad_20260601_20260630,3,2026-07-09 09:39:26.877
2026-06-17,5,6.66,A2,A2_prdemcad_20260601_20260630,3,2026-07-09 09:39:26.877
2026-06-17,6,6.47,A2,A2_prdemcad_20260601_20260630,3,2026-07-09 09:39:26.877
2026-06-17,7,13.92,A2,A2_prdemcad_20260601_20260630,3,2026-07-09 09:39:26.877
2026-06-17,8,24.18,A2,A2_prdemcad_20260601_20260630,3,2026-07-09 09:39:26.877
2026-06-17,9,17.06,A2,A2_prdemcad_20260601_20260630,3,2026-07-09 09:39:26.877
2026-06-17,10,19.64,A2,A2_prdemcad_20260601_20260630,3,2026-07-09 09:39:26.877
2026-06-17,11,19.63,A2,A2_prdemcad_20260601_20260630,3,2026-07-09 09:39:26.877
2026-06-17,12,19.62,A2,A2_prdemcad_20260601_20260630,3,2026-07-09 09:39:26.877
2026-06-17,13,21.22,A2,A2_prdemcad_20260601_20260630,3,2026-07-09 09:39:26.877
2026-06-17,14,19.69,A2,A2_prdemcad_20260601_20260630,3,2026-07-09 09:39:26.877
2026-06-17,15,19.24,A2,A2_prdemcad_20260601_20260630,3,2026-07-09 09:39:26.877
2026-06-17,16,18.11,A2,A2_prdemcad_20260601_20260630,3,2026-07-09 09:39:26.877
2026-06-17,17,17.18,A2,A2_prdemcad_20260601_20260630,3,2026-07-09 09:39:26.877
2026-06-17,18,16.82,A2,A2_prdemcad_20260601_20260630,3,2026-07-09 09:39:26.877
2026-06-17,19,15.92,A2,A2_prdemcad_20260601_20260630,3,2026-07-09 09:39:26.877
2026-06-17,20,16.25,A2,A2_prdemcad_20260601_20260630,3,2026-07-09 09:39:26.877
2026-06-17,21,19.5,A2,A2_prdemcad_20260601_20260630,3,2026-07-09 09:39:26.877
2026-06-17,22,19.22,A2,A2_prdemcad_20260601_20260630,3,2026-07-09 09:39:26.877
2026-06-17,23,18.08,A2,A2_prdemcad_20260601_20260630,3,2026-07-09 09:39:26.877
2026-06-17,24,22.14,A2,A2_prdemcad_20260601_20260630,3,2026-07-09 09:39:26.877
2026-06-18,1,9.27,A2,A2_prdemcad_20260601_20260630,3,2026-07-09 09:39:26.877
2026-06-18,2,11.44,A2,A2_prdemcad_20260601_20260630,3,2026-07-09 09:39:26.877
2026-06-18,3,4.59,A2,A2_prdemcad_20260601_20260630,3,2026-07-09 09:39:26.877
2026-06-18,4,6.57,A2,A2_prdemcad_20260601_20260630,3,2026-07-09 09:39:26.877
2026-06-18,5,6.61,A2,A2_prdemcad_20260601_20260630,3,2026-07-09 09:39:26.877
2026-06-18,6,7.15,A2,A2_prdemcad_20260601_20260630,3,2026-07-09 09:39:26.877
2026-06-18,7,15.29,A2,A2_prdemcad_20260601_20260630,3,2026-07-09 09:39:26.877
2026-06-18,8,20.75,A2,A2_prdemcad_20260601_20260630,3,2026-07-09 09:39:26.877
2026-06-18,9,16.38,A2,A2_prdemcad_20260601_20260630,3,2026-07-09 09:39:26.877
2026-06-18,10,14.15,A2,A2_prdemcad_20260601_20260630,3,2026-07-09 09:39:26.877
2026-06-18,11,13.02,A2,A2_prdemcad_20260601_20260630,3,2026-07-09 09:39:26.877
2026-06-18,12,21.75,A2,A2_prdemcad_20260601_20260630,3,2026-07-09 09:39:26.877
2026-06-18,13,22.84,A2,A2_prdemcad_20260601_20260630,3,2026-07-09 09:39:26.877
2026-06-18,14,22.37,A2,A2_prdemcad_20260601_20260630,3,2026-07-09 09:39:26.877
2026-06-18,15,19.01,A2,A2_prdemcad_20260601_20260630,3,2026-07-09 09:39:26.877
2026-06-18,16,18.84,A2,A2_prdemcad_20260601_20260630,3,2026-07-09 09:39:26.877
2026-06-18,17,16.5,A2,A2_prdemcad_20260601_20260630,3,2026-07-09 09:39:26.877
2026-06-18,18,12.83,A2,A2_prdemcad_20260601_20260630,3,2026-07-09 09:39:26.877
2026-06-18,19,20.5,A2,A2_prdemcad_20260601_20260630,3,2026-07-09 09:39:26.877
2026-06-18,20,24.91,A2,A2_prdemcad_20260601_20260630,3,2026-07-09 09:39:26.877
2026-06-18,21,26.36,A2,A2_prdemcad_20260601_20260630,3,2026-07-09 09:39:26.877
2026-06-18,22,29.12,A2,A2_prdemcad_20260601_20260630,3,2026-07-09 09:39:26.877
2026-06-18,23,28.73,A2,A2_prdemcad_20260601_20260630,3,2026-07-09 09:39:26.877
2026-06-18,24,27.05,A2,A2_prdemcad_20260601_20260630,3,2026-07-09 09:39:26.877
2026-06-19,1,9.29,A2,A2_prdemcad_20260601_20260630,3,2026-07-09 09:39:26.877
2026-06-19,2,7.11,A2,A2_prdemcad_20260601_20260630,3,2026-07-09 09:39:26.877
2026-06-19,3,4.37,A2,A2_prdemcad_20260601_20260630,3,2026-07-09 09:39:26.877
2026-06-19,4,4.36,A2,A2_prdemcad_20260601_20260630,3,2026-07-09 09:39:26.877
2026-06-19,5,4.36,A2,A2_prdemcad_20260601_20260630,3,2026-07-09 09:39:26.877
2026-06-19,6,6.07,A2,A2_prdemcad_20260601_20260630,3,2026-07-09 09:39:26.877
2026-06-19,7,18.86,A2,A2_prdemcad_20260601_20260630,3,2026-07-09 09:39:26.877
2026-06-19,8,21.5,A2,A2_prdemcad_20260601_20260630,3,2026-07-09 09:39:26.877
2026-06-19,9,14.3,A2,A2_prdemcad_20260601_20260630,3,2026-07-09 09:39:26.877
2026-06-19,10,14.76,A2,A2_prdemcad_20260601_20260630,3,2026-07-09 09:39:26.877
2026-06-19,11,16.4,A2,A2_prdemcad_20260601_20260630,3,2026-07-09 09:39:26.877
2026-06-19,12,18.72,A2,A2_prdemcad_20260601_20260630,3,2026-07-09 09:39:26.877
2026-06-19,13,20.62,A2,A2_prdemcad_20260601_20260630,3,2026-07-09 09:39:26.877
2026-06-19,14,20.92,A2,A2_prdemcad_20260601_20260630,3,2026-07-09 09:39:26.877
2026-06-19,15,19.83,A2,A2_prdemcad_20260601_20260630,3,2026-07-09 09:39:26.877
2026-06-19,16,19.65,A2,A2_prdemcad_20260601_20260630,3,2026-07-09 09:39:26.877
2026-06-19,17,17.99,A2,A2_prdemcad_20260601_20260630,3,2026-07-09 09:39:26.877
2026-06-19,18,14.81,A2,A2_prdemcad_20260601_20260630,3,2026-07-09 09:39:26.877
2026-06-19,19,14.03,A2,A2_prdemcad_20260601_20260630,3,2026-07-09 09:39:26.877
2026-06-19,20,16.59,A2,A2_prdemcad_20260601_20260630,3,2026-07-09 09:39:26.877
2026-06-19,21,23.1,A2,A2_prdemcad_20260601_20260630,3,2026-07-09 09:39:26.877
2026-06-19,22,23.81,A2,A2_prdemcad_20260601_20260630,3,2026-07-09 09:39:26.877
2026-06-19,23,20.6,A2,A2_prdemcad_20260601_20260630,3,2026-07-09 09:39:26.877
2026-06-19,24,21.83,A2,A2_prdemcad_20260601_20260630,3,2026-07-09 09:39:26.877
2026-06-20,1,7.94,A2,A2_prdemcad_20260601_20260630,3,2026-07-09 09:39:26.877
2026-06-20,2,6.42,A2,A2_prdemcad_20260601_20260630,3,2026-07-09 09:39:26.877
2026-06-20,3,5.06,A2,A2_prdemcad_20260601_20260630,3,2026-07-09 09:39:26.877
2026-06-20,4,3.73,A2,A2_prdemcad_20260601_20260630,3,2026-07-09 09:39:26.877
2026-06-20,5,3.35,A2,A2_prdemcad_20260601_20260630,3,2026-07-09 09:39:26.877
2026-06-20,6,4.01,A2,A2_prdemcad_20260601_20260630,3,2026-07-09 09:39:26.877
2026-06-20,7,6.21,A2,A2_prdemcad_20260601_20260630,3,2026-07-09 09:39:26.877
2026-06-20,8,15.72,A2,A2_prdemcad_20260601_20260630,3,2026-07-09 09:39:26.877
2026-06-20,9,15.67,A2,A2_prdemcad_20260601_20260630,3,2026-07-09 09:39:26.877
2026-06-20,10,13.26,A2,A2_prdemcad_20260601_20260630,3,2026-07-09 09:39:26.877
2026-06-20,11,14.09,A2,A2_prdemcad_20260601_20260630,3,2026-07-09 09:39:26.877
2026-06-20,12,13.6,A2,A2_prdemcad_20260601_20260630,3,2026-07-09 09:39:26.877
2026-06-20,13,13.16,A2,A2_prdemcad_20260601_20260630,3,2026-07-09 09:39:26.877
2026-06-20,14,13.03,A2,A2_prdemcad_20260601_20260630,3,2026-07-09 09:39:26.877
2026-06-20,15,12.53,A2,A2_prdemcad_20260601_20260630,3,2026-07-09 09:39:26.877
2026-06-20,16,13.02,A2,A2_prdemcad_20260601_20260630,3,2026-07-09 09:39:26.877
2026-06-20,17,13.42,A2,A2_prdemcad_20260601_20260630,3,2026-07-09 09:39:26.877
2026-06-20,18,13.63,A2,A2_prdemcad_20260601_20260630,3,2026-07-09 09:39:26.877
2026-06-20,19,15.99,A2,A2_prdemcad_20260601_20260630,3,2026-07-09 09:39:26.877
2026-06-20,20,16.84,A2,A2_prdemcad_20260601_20260630,3,2026-07-09 09:39:26.877
2026-06-20,21,13.59,A2,A2_prdemcad_20260601_20260630,3,2026-07-09 09:39:26.877
2026-06-20,22,14.22,A2,A2_prdemcad_20260601_20260630,3,2026-07-09 09:39:26.877
2026-06-20,23,17.72,A2,A2_prdemcad_20260601_20260630,3,2026-07-09 09:39:26.877
2026-06-20,24,14.33,A2,A2_prdemcad_20260601_20260630,3,2026-07-09 09:39:26.877
2026-06-21,1,6.73,A2,A2_prdemcad_20260601_20260630,3,2026-07-09 09:39:26.877
2026-06-21,2,5.72,A2,A2_prdemcad_20260601_20260630,3,2026-07-09 09:39:26.877
2026-06-21,3,6.59,A2,A2_prdemcad_20260601_20260630,3,2026-07-09 09:39:26.877
2026-06-21,4,6.08,A2,A2_prdemcad_20260601_20260630,3,2026-07-09 09:39:26.877
2026-06-21,5,7.66,A2,A2_prdemcad_20260601_20260630,3,2026-07-09 09:39:26.877
2026-06-21,6,8.08,A2,A2_prdemcad_20260601_20260630,3,2026-07-09 09:39:26.877
2026-06-21,7,6.67,A2,A2_prdemcad_20260601_20260630,3,2026-07-09 09:39:26.877
2026-06-21,8,15.1,A2,A2_prdemcad_20260601_20260630,3,2026-07-09 09:39:26.877
2026-06-21,9,15.44,A2,A2_prdemcad_20260601_20260630,3,2026-07-09 09:39:26.877
2026-06-21,10,15.44,A2,A2_prdemcad_20260601_20260630,3,2026-07-09 09:39:26.877
2026-06-21,11,17.29,A2,A2_prdemcad_20260601_20260630,3,2026-07-09 09:39:26.877
2026-06-21,12,18.12,A2,A2_prdemcad_20260601_20260630,3,2026-07-09 09:39:26.877
2026-06-21,13,20.67,A2,A2_prdemcad_20260601_20260630,3,2026-07-09 09:39:26.877
2026-06-21,14,18.68,A2,A2_prdemcad_20260601_20260630,3,2026-07-09 09:39:26.877
2026-06-21,15,16.4,A2,A2_prdemcad_20260601_20260630,3,2026-07-09 09:39:26.877
2026-06-21,16,18.37,A2,A2_prdemcad_20260601_20260630,3,2026-07-09 09:39:26.877
2026-06-21,17,17.46,A2,A2_prdemcad_20260601_20260630,3,2026-07-09 09:39:26.877
2026-06-21,18,16.89,A2,A2_prdemcad_20260601_20260630,3,2026-07-09 09:39:26.877
2026-06-21,19,15.12,A2,A2_prdemcad_20260601_20260630,3,2026-07-09 09:39:26.877
2026-06-21,20,17.83,A2,A2_prdemcad_20260601_20260630,3,2026-07-09 09:39:26.877
2026-06-21,21,16.04,A2,A2_prdemcad_20260601_20260630,3,2026-07-09 09:39:26.877
2026-06-21,22,21.49,A2,A2_prdemcad_20260601_20260630,3,2026-07-09 09:39:26.877
2026-06-21,23,17.05,A2,A2_prdemcad_20260601_20260630,3,2026-07-09 09:39:26.877
2026-06-21,24,18.19,A2,A2_prdemcad_20260601_20260630,3,2026-07-09 09:39:26.877
2026-06-22,1,7.99,A2,A2_prdemcad_20260601_20260630,3,2026-07-09 09:39:26.877
2026-06-22,2,8.27,A2,A2_prdemcad_20260601_20260630,3,2026-07-09 09:39:26.877
2026-06-22,3,6.49,A2,A2_prdemcad_20260601_20260630,3,2026-07-09 09:39:26.877
2026-06-22,4,6.3,A2,A2_prdemcad_20260601_20260630,3,2026-07-09 09:39:26.877
2026-06-22,5,7.14,A2,A2_prdemcad_20260601_20260630,3,2026-07-09 09:39:26.877
2026-06-22,6,11.49,A2,A2_prdemcad_20260601_20260630,3,2026-07-09 09:39:26.877
2026-06-22,7,21.54,A2,A2_prdemcad_20260601_20260630,3,2026-07-09 09:39:26.877
2026-06-22,8,36.72,A2,A2_prdemcad_20260601_20260630,3,2026-07-09 09:39:26.877
2026-06-22,9,27.12,A2,A2_prdemcad_20260601_20260630,3,2026-07-09 09:39:26.877
2026-06-22,10,16.09,A2,A2_prdemcad_20260601_20260630,3,2026-07-09 09:39:26.877
2026-06-22,11,14.79,A2,A2_prdemcad_20260601_20260630,3,2026-07-09 09:39:26.877
2026-06-22,12,15.67,A2,A2_prdemcad_20260601_20260630,3,2026-07-09 09:39:26.877
2026-06-22,13,18.37,A2,A2_prdemcad_20260601_20260630,3,2026-07-09 09:39:26.877
2026-06-22,14,19.3,A2,A2_prdemcad_20260601_20260630,3,2026-07-09 09:39:26.877
2026-06-22,15,19.74,A2,A2_prdemcad_20260601_20260630,3,2026-07-09 09:39:26.877
2026-06-22,16,19.41,A2,A2_prdemcad_20260601_20260630,3,2026-07-09 09:39:26.877
2026-06-22,17,17.25,A2,A2_prdemcad_20260601_20260630,3,2026-07-09 09:39:26.877
2026-06-22,18,14.85,A2,A2_prdemcad_20260601_20260630,3,2026-07-09 09:39:26.877
2026-06-22,19,19.24,A2,A2_prdemcad_20260601_20260630,3,2026-07-09 09:39:26.877
2026-06-22,20,26.18,A2,A2_prdemcad_20260601_20260630,3,2026-07-09 09:39:26.877
2026-06-22,21,25.84,A2,A2_prdemcad_20260601_20260630,3,2026-07-09 09:39:26.877
2026-06-22,22,20.86,A2,A2_prdemcad_20260601_20260630,3,2026-07-09 09:39:26.877
2026-06-22,23,22.82,A2,A2_prdemcad_20260601_20260630,3,2026-07-09 09:39:26.877
2026-06-22,24,27.51,A2,A2_prdemcad_20260601_20260630,3,2026-07-09 09:39:26.877
2026-06-23,1,7.09,A2,A2_prdemcad_20260601_20260630,3,2026-07-09 09:39:26.877
2026-06-23,2,11.92,A2,A2_prdemcad_20260601_20260630,3,2026-07-09 09:39:26.877
2026-06-23,3,7.04,A2,A2_prdemcad_20260601_20260630,3,2026-07-09 09:39:26.877
2026-06-23,4,6.45,A2,A2_prdemcad_20260601_20260630,3,2026-07-09 09:39:26.877
2026-06-23,5,6.33,A2,A2_prdemcad_20260601_20260630,3,2026-07-09 09:39:26.877
2026-06-23,6,10.04,A2,A2_prdemcad_20260601_20260630,3,2026-07-09 09:39:26.877
2026-06-23,7,15.95,A2,A2_prdemcad_20260601_20260630,3,2026-07-09 09:39:26.877
2026-06-23,8,20.28,A2,A2_prdemcad_20260601_20260630,3,2026-07-09 09:39:26.877
2026-06-23,9,13.81,A2,A2_prdemcad_20260601_20260630,3,2026-07-09 09:39:26.877
2026-06-23,10,11.19,A2,A2_prdemcad_20260601_20260630,3,2026-07-09 09:39:26.877
2026-06-23,11,13.34,A2,A2_prdemcad_20260601_20260630,3,2026-07-09 09:39:26.877
2026-06-23,12,15.94,A2,A2_prdemcad_20260601_20260630,3,2026-07-09 09:39:26.877
2026-06-23,13,17.34,A2,A2_prdemcad_20260601_20260630,3,2026-07-09 09:39:26.877
2026-06-23,14,17.47,A2,A2_prdemcad_20260601_20260630,3,2026-07-09 09:39:26.877
2026-06-23,15,15.44,A2,A2_prdemcad_20260601_20260630,3,2026-07-09 09:39:26.877
2026-06-23,16,16.25,A2,A2_prdemcad_20260601_20260630,3,2026-07-09 09:39:26.877
2026-06-23,17,15.92,A2,A2_prdemcad_20260601_20260630,3,2026-07-09 09:39:26.877
2026-06-23,18,14.24,A2,A2_prdemcad_20260601_20260630,3,2026-07-09 09:39:26.877
2026-06-23,19,14.83,A2,A2_prdemcad_20260601_20260630,3,2026-07-09 09:39:26.877
2026-06-23,20,17.39,A2,A2_prdemcad_20260601_20260630,3,2026-07-09 09:39:26.877
2026-06-23,21,22.25,A2,A2_prdemcad_20260601_20260630,3,2026-07-09 09:39:26.877
2026-06-23,22,20.84,A2,A2_prdemcad_20260601_20260630,3,2026-07-09 09:39:26.877
2026-06-23,23,21.08,A2,A2_prdemcad_20260601_20260630,3,2026-07-09 09:39:26.877
2026-06-23,24,20.59,A2,A2_prdemcad_20260601_20260630,3,2026-07-09 09:39:26.877
2026-06-24,1,9.05,A2,A2_prdemcad_20260601_20260630,3,2026-07-09 09:39:26.877
2026-06-24,2,12.23,A2,A2_prdemcad_20260601_20260630,3,2026-07-09 09:39:26.877
2026-06-24,3,5.65,A2,A2_prdemcad_20260601_20260630,3,2026-07-09 09:39:26.877
2026-06-24,4,5.73,A2,A2_prdemcad_20260601_20260630,3,2026-07-09 09:39:26.877
2026-06-24,5,6.99,A2,A2_prdemcad_20260601_20260630,3,2026-07-09 09:39:26.877
2026-06-24,6,8.26,A2,A2_prdemcad_20260601_20260630,3,2026-07-09 09:39:26.877
2026-06-24,7,16.09,A2,A2_prdemcad_20260601_20260630,3,2026-07-09 09:39:26.877
2026-06-24,8,19.69,A2,A2_prdemcad_20260601_20260630,3,2026-07-09 09:39:26.877
2026-06-24,9,16.13,A2,A2_prdemcad_20260601_20260630,3,2026-07-09 09:39:26.877
2026-06-24,10,13.66,A2,A2_prdemcad_20260601_20260630,3,2026-07-09 09:39:26.877
2026-06-24,11,14.06,A2,A2_prdemcad_20260601_20260630,3,2026-07-09 09:39:26.877
2026-06-24,12,16.88,A2,A2_prdemcad_20260601_20260630,3,2026-07-09 09:39:26.877
2026-06-24,13,16.78,A2,A2_prdemcad_20260601_20260630,3,2026-07-09 09:39:26.877
2026-06-24,14,20.88,A2,A2_prdemcad_20260601_20260630,3,2026-07-09 09:39:26.877
2026-06-24,15,21.44,A2,A2_prdemcad_20260601_20260630,3,2026-07-09 09:39:26.877
2026-06-24,16,25.58,A2,A2_prdemcad_20260601_20260630,3,2026-07-09 09:39:26.877
2026-06-24,17,31.12,A2,A2_prdemcad_20260601_20260630,3,2026-07-09 09:39:26.877
2026-06-24,18,29.56,A2,A2_prdemcad_20260601_20260630,3,2026-07-09 09:39:26.877
2026-06-24,19,26.85,A2,A2_prdemcad_20260601_20260630,3,2026-07-09 09:39:26.877
2026-06-24,20,30.1,A2,A2_prdemcad_20260601_20260630,3,2026-07-09 09:39:26.877
2026-06-24,21,19.44,A2,A2_prdemcad_20260601_20260630,3,2026-07-09 09:39:26.877
2026-06-24,22,20.5,A2,A2_prdemcad_20260601_20260630,3,2026-07-09 09:39:26.877
2026-06-24,23,22.64,A2,A2_prdemcad_20260601_20260630,3,2026-07-09 09:39:26.877
2026-06-24,24,25.4,A2,A2_prdemcad_20260601_20260630,3,2026-07-09 09:39:26.877
2026-06-25,1,7.4,A2,A2_prdemcad_20260601_20260630,3,2026-07-09 09:39:26.877
2026-06-25,2,10.08,A2,A2_prdemcad_20260601_20260630,3,2026-07-09 09:39:26.877
2026-06-25,3,5.57,A2,A2_prdemcad_20260601_20260630,3,2026-07-09 09:39:26.877
2026-06-25,4,6.33,A2,A2_prdemcad_20260601_20260630,3,2026-07-09 09:39:26.877
2026-06-25,5,6.1,A2,A2_prdemcad_20260601_20260630,3,2026-07-09 09:39:26.877
2026-06-25,6,8.85,A2,A2_prdemcad_20260601_20260630,3,2026-07-09 09:39:26.877
2026-06-25,7,15.78,A2,A2_prdemcad_20260601_20260630,3,2026-07-09 09:39:26.877
2026-06-25,8,18.55,A2,A2_prdemcad_20260601_20260630,3,2026-07-09 09:39:26.877
2026-06-25,9,15.46,A2,A2_prdemcad_20260601_20260630,3,2026-07-09 09:39:26.877
2026-06-25,10,11.68,A2,A2_prdemcad_20260601_20260630,3,2026-07-09 09:39:26.877
2026-06-25,11,21.34,A2,A2_prdemcad_20260601_20260630,3,2026-07-09 09:39:26.877
2026-06-25,12,32.29,A2,A2_prdemcad_20260601_20260630,3,2026-07-09 09:39:26.877
2026-06-25,13,35.21,A2,A2_prdemcad_20260601_20260630,3,2026-07-09 09:39:26.877
2026-06-25,14,40.09,A2,A2_prdemcad_20260601_20260630,3,2026-07-09 09:39:26.877
2026-06-25,15,44.14,A2,A2_prdemcad_20260601_20260630,3,2026-07-09 09:39:26.877
2026-06-25,16,39.51,A2,A2_prdemcad_20260601_20260630,3,2026-07-09 09:39:26.877
2026-06-25,17,35.96,A2,A2_prdemcad_20260601_20260630,3,2026-07-09 09:39:26.877
2026-06-25,18,32.13,A2,A2_prdemcad_20260601_20260630,3,2026-07-09 09:39:26.877
2026-06-25,19,29.21,A2,A2_prdemcad_20260601_20260630,3,2026-07-09 09:39:26.877
2026-06-25,20,26.48,A2,A2_prdemcad_20260601_20260630,3,2026-07-09 09:39:26.877
2026-06-25,21,25.87,A2,A2_prdemcad_20260601_20260630,3,2026-07-09 09:39:26.877
2026-06-25,22,29.35,A2,A2_prdemcad_20260601_20260630,3,2026-07-09 09:39:26.877
2026-06-25,23,26.52,A2,A2_prdemcad_20260601_20260630,3,2026-07-09 09:39:26.877
2026-06-25,24,26.12,A2,A2_prdemcad_20260601_20260630,3,2026-07-09 09:39:26.877
2026-06-26,1,9.49,A2,A2_prdemcad_20260601_20260630,3,2026-07-09 09:39:26.877
2026-06-26,2,9.97,A2,A2_prdemcad_20260601_20260630,3,2026-07-09 09:39:26.877
2026-06-26,3,3.96,A2,A2_prdemcad_20260601_20260630,3,2026-07-09 09:39:26.877
2026-06-26,4,4.78,A2,A2_prdemcad_20260601_20260630,3,2026-07-09 09:39:26.877
2026-06-26,5,5.84,A2,A2_prdemcad_20260601_20260630,3,2026-07-09 09:39:26.877
2026-06-26,6,9.33,A2,A2_prdemcad_20260601_20260630,3,2026-07-09 09:39:26.877
2026-06-26,7,20.48,A2,A2_prdemcad_20260601_20260630,3,2026-07-09 09:39:26.877
2026-06-26,8,23.92,A2,A2_prdemcad_20260601_20260630,3,2026-07-09 09:39:26.877
2026-06-26,9,13.45,A2,A2_prdemcad_20260601_20260630,3,2026-07-09 09:39:26.877
2026-06-26,10,14.61,A2,A2_prdemcad_20260601_20260630,3,2026-07-09 09:39:26.877
2026-06-26,11,15.27,A2,A2_prdemcad_20260601_20260630,3,2026-07-09 09:39:26.877
2026-06-26,12,16.8,A2,A2_prdemcad_20260601_20260630,3,2026-07-09 09:39:26.877
2026-06-26,13,19.64,A2,A2_prdemcad_20260601_20260630,3,2026-07-09 09:39:26.877
2026-06-26,14,20.14,A2,A2_prdemcad_20260601_20260630,3,2026-07-09 09:39:26.877
2026-06-26,15,21.03,A2,A2_prdemcad_20260601_20260630,3,2026-07-09 09:39:26.877
2026-06-26,16,22.84,A2,A2_prdemcad_20260601_20260630,3,2026-07-09 09:39:26.877
2026-06-26,17,21.7,A2,A2_prdemcad_20260601_20260630,3,2026-07-09 09:39:26.877
2026-06-26,18,19.3,A2,A2_prdemcad_20260601_20260630,3,2026-07-09 09:39:26.877
2026-06-26,19,18.83,A2,A2_prdemcad_20260601_20260630,3,2026-07-09 09:39:26.877
2026-06-26,20,13.63,A2,A2_prdemcad_20260601_20260630,3,2026-07-09 09:39:26.877
2026-06-26,21,23.69,A2,A2_prdemcad_20260601_20260630,3,2026-07-09 09:39:26.877
2026-06-26,22,25.45,A2,A2_prdemcad_20260601_20260630,3,2026-07-09 09:39:26.877
2026-06-26,23,24.78,A2,A2_prdemcad_20260601_20260630,3,2026-07-09 09:39:26.877
2026-06-26,24,26.47,A2,A2_prdemcad_20260601_20260630,3,2026-07-09 09:39:26.877
2026-06-27,1,14.7,A2,A2_prdemcad_20260601_20260630,3,2026-07-09 09:39:26.877
2026-06-27,2,19.76,A2,A2_prdemcad_20260601_20260630,3,2026-07-09 09:39:26.877
2026-06-27,3,10.63,A2,A2_prdemcad_20260601_20260630,3,2026-07-09 09:39:26.877
2026-06-27,4,9.61,A2,A2_prdemcad_20260601_20260630,3,2026-07-09 09:39:26.877
2026-06-27,5,8.69,A2,A2_prdemcad_20260601_20260630,3,2026-07-09 09:39:26.877
2026-06-27,6,8.44,A2,A2_prdemcad_20260601_20260630,3,2026-07-09 09:39:26.877
2026-06-27,7,7.64,A2,A2_prdemcad_20260601_20260630,3,2026-07-09 09:39:26.877
2026-06-27,8,15.51,A2,A2_prdemcad_20260601_20260630,3,2026-07-09 09:39:26.877
2026-06-27,9,16.41,A2,A2_prdemcad_20260601_20260630,3,2026-07-09 09:39:26.877
2026-06-27,10,25.43,A2,A2_prdemcad_20260601_20260630,3,2026-07-09 09:39:26.877
2026-06-27,11,31.3,A2,A2_prdemcad_20260601_20260630,3,2026-07-09 09:39:26.877
2026-06-27,12,40.18,A2,A2_prdemcad_20260601_20260630,3,2026-07-09 09:39:26.877
2026-06-27,13,35.16,A2,A2_prdemcad_20260601_20260630,3,2026-07-09 09:39:26.877
2026-06-27,14,39.12,A2,A2_prdemcad_20260601_20260630,3,2026-07-09 09:39:26.877
2026-06-27,15,39.29,A2,A2_prdemcad_20260601_20260630,3,2026-07-09 09:39:26.877
2026-06-27,16,41.44,A2,A2_prdemcad_20260601_20260630,3,2026-07-09 09:39:26.877
2026-06-27,17,44.4,A2,A2_prdemcad_20260601_20260630,3,2026-07-09 09:39:26.877
2026-06-27,18,40.14,A2,A2_prdemcad_20260601_20260630,3,2026-07-09 09:39:26.877
2026-06-27,19,41.03,A2,A2_prdemcad_20260601_20260630,3,2026-07-09 09:39:26.877
2026-06-27,20,31.43,A2,A2_prdemcad_20260601_20260630,3,2026-07-09 09:39:26.877
2026-06-27,21,19.13,A2,A2_prdemcad_20260601_20260630,3,2026-07-09 09:39:26.877
2026-06-27,22,23.93,A2,A2_prdemcad_20260601_20260630,3,2026-07-09 09:39:26.877
2026-06-27,23,22.21,A2,A2_prdemcad_20260601_20260630,3,2026-07-09 09:39:26.877
2026-06-27,24,23.08,A2,A2_prdemcad_20260601_20260630,3,2026-07-09 09:39:26.877
2026-06-28,1,11.24,A2,A2_prdemcad_20260601_20260630,3,2026-07-09 09:39:26.877
2026-06-28,2,11.07,A2,A2_prdemcad_20260601_20260630,3,2026-07-09 09:39:26.877
2026-06-28,3,9.05,A2,A2_prdemcad_20260601_20260630,3,2026-07-09 09:39:26.877
2026-06-28,4,7.9,A2,A2_prdemcad_20260601_20260630,3,2026-07-09 09:39:26.877
2026-06-28,5,8.86,A2,A2_prdemcad_20260601_20260630,3,2026-07-09 09:39:26.877
2026-06-28,6,9.8,A2,A2_prdemcad_20260601_20260630,3,2026-07-09 09:39:26.877
2026-06-28,7,10.69,A2,A2_prdemcad_20260601_20260630,3,2026-07-09 09:39:26.877
2026-06-28,8,26.46,A2,A2_prdemcad_20260601_20260630,3,2026-07-09 09:39:26.877
2026-06-28,9,20.71,A2,A2_prdemcad_20260601_20260630,3,2026-07-09 09:39:26.877
2026-06-28,10,19.27,A2,A2_prdemcad_20260601_20260630,3,2026-07-09 09:39:26.877
2026-06-28,11,19.61,A2,A2_prdemcad_20260601_20260630,3,2026-07-09 09:39:26.877
2026-06-28,12,18.19,A2,A2_prdemcad_20260601_20260630,3,2026-07-09 09:39:26.877
2026-06-28,13,17.4,A2,A2_prdemcad_20260601_20260630,3,2026-07-09 09:39:26.877
2026-06-28,14,16.07,A2,A2_prdemcad_20260601_20260630,3,2026-07-09 09:39:26.877
2026-06-28,15,16.67,A2,A2_prdemcad_20260601_20260630,3,2026-07-09 09:39:26.877
2026-06-28,16,19.35,A2,A2_prdemcad_20260601_20260630,3,2026-07-09 09:39:26.877
2026-06-28,17,17.78,A2,A2_prdemcad_20260601_20260630,3,2026-07-09 09:39:26.877
2026-06-28,18,22.15,A2,A2_prdemcad_20260601_20260630,3,2026-07-09 09:39:26.877
2026-06-28,19,25.73,A2,A2_prdemcad_20260601_20260630,3,2026-07-09 09:39:26.877
2026-06-28,20,19.15,A2,A2_prdemcad_20260601_20260630,3,2026-07-09 09:39:26.877
2026-06-28,21,19.83,A2,A2_prdemcad_20260601_20260630,3,2026-07-09 09:39:26.877
2026-06-28,22,24.99,A2,A2_prdemcad_20260601_20260630,3,2026-07-09 09:39:26.877
2026-06-28,23,25.11,A2,A2_prdemcad_20260601_20260630,3,2026-07-09 09:39:26.877
2026-06-28,24,20.84,A2,A2_prdemcad_20260601_20260630,3,2026-07-09 09:39:26.877
2026-06-29,1,8.02,A2,A2_prdemcad_20260601_20260630,3,2026-07-09 09:39:26.877
2026-06-29,2,6.1,A2,A2_prdemcad_20260601_20260630,3,2026-07-09 09:39:26.877
2026-06-29,3,5.06,A2,A2_prdemcad_20260601_20260630,3,2026-07-09 09:39:26.877
2026-06-29,4,5.44,A2,A2_prdemcad_20260601_20260630,3,2026-07-09 09:39:26.877
2026-06-29,5,6.46,A2,A2_prdemcad_20260601_20260630,3,2026-07-09 09:39:26.877
2026-06-29,6,5.09,A2,A2_prdemcad_20260601_20260630,3,2026-07-09 09:39:26.877
2026-06-29,7,13.99,A2,A2_prdemcad_20260601_20260630,3,2026-07-09 09:39:26.877
2026-06-29,8,16.65,A2,A2_prdemcad_20260601_20260630,3,2026-07-09 09:39:26.877
2026-06-29,9,21.29,A2,A2_prdemcad_20260601_20260630,3,2026-07-09 09:39:26.877
2026-06-29,10,25.21,A2,A2_prdemcad_20260601_20260630,3,2026-07-09 09:39:26.877
2026-06-29,11,33.6,A2,A2_prdemcad_20260601_20260630,3,2026-07-09 09:39:26.877
2026-06-29,12,34.43,A2,A2_prdemcad_20260601_20260630,3,2026-07-09 09:39:26.877
2026-06-29,13,39.38,A2,A2_prdemcad_20260601_20260630,3,2026-07-09 09:39:26.877
2026-06-29,14,35.02,A2,A2_prdemcad_20260601_20260630,3,2026-07-09 09:39:26.877
2026-06-29,15,38.67,A2,A2_prdemcad_20260601_20260630,3,2026-07-09 09:39:26.877
2026-06-29,16,36.13,A2,A2_prdemcad_20260601_20260630,3,2026-07-09 09:39:26.877
2026-06-29,17,32.61,A2,A2_prdemcad_20260601_20260630,3,2026-07-09 09:39:26.877
2026-06-29,18,30.07,A2,A2_prdemcad_20260601_20260630,3,2026-07-09 09:39:26.877
2026-06-29,19,26.6,A2,A2_prdemcad_20260601_20260630,3,2026-07-09 09:39:26.877
2026-06-29,20,28.68,A2,A2_prdemcad_20260601_20260630,3,2026-07-09 09:39:26.877
2026-06-29,21,13.43,A2,A2_prdemcad_20260601_20260630,3,2026-07-09 09:39:26.877
2026-06-29,22,23.72,A2,A2_prdemcad_20260601_20260630,3,2026-07-09 09:39:26.877
2026-06-29,23,25.78,A2,A2_prdemcad_20260601_20260630,3,2026-07-09 09:39:26.877
2026-06-29,24,25.15,A2,A2_prdemcad_20260601_20260630,3,2026-07-09 09:39:26.877
2026-06-30,1,6.88,A2,A2_prdemcad_20260601_20260630,3,2026-07-09 09:39:26.877
2026-06-30,2,6.47,A2,A2_prdemcad_20260601_20260630,3,2026-07-09 09:39:26.877
2026-06-30,3,5.21,A2,A2_prdemcad_20260601_20260630,3,2026-07-09 09:39:26.877
2026-06-30,4,5.43,A2,A2_prdemcad_20260601_20260630,3,2026-07-09 09:39:26.877
2026-06-30,5,5.44,A2,A2_prdemcad_20260601_20260630,3,2026-07-09 09:39:26.877
2026-06-30,6,5.61,A2,A2_prdemcad_20260601_20260630,3,2026-07-09 09:39:26.877
2026-06-30,7,12.71,A2,A2_prdemcad_20260601_20260630,3,2026-07-09 09:39:26.877
2026-06-30,8,18.92,A2,A2_prdemcad_20260601_20260630,3,2026-07-09 09:39:26.877
2026-06-30,9,13.8,A2,A2_prdemcad_20260601_20260630,3,2026-07-09 09:39:26.877
2026-06-30,10,14.17,A2,A2_prdemcad_20260601_20260630,3,2026-07-09 09:39:26.877
2026-06-30,11,19.68,A2,A2_prdemcad_20260601_20260630,3,2026-07-09 09:39:26.877
2026-06-30,12,23.49,A2,A2_prdemcad_20260601_20260630,3,2026-07-09 09:39:26.877
2026-06-30,13,23.25,A2,A2_prdemcad_20260601_20260630,3,2026-07-09 09:39:26.877
2026-06-30,14,26.33,A2,A2_prdemcad_20260601_20260630,3,2026-07-09 09:39:26.877
2026-06-30,15,25.12,A2,A2_prdemcad_20260601_20260630,3,2026-07-09 09:39:26.877
2026-06-30,16,25.61,A2,A2_prdemcad_20260601_20260630,3,2026-07-09 09:39:26.877
2026-06-30,17,25.01,A2,A2_prdemcad_20260601_20260630,3,2026-07-09 09:39:26.877
2026-06-30,18,25.04,A2,A2_prdemcad_20260601_20260630,3,2026-07-09 09:39:26.877
2026-06-30,19,22.25,A2,A2_prdemcad_20260601_20260630,3,2026-07-09 09:39:26.877
2026-06-30,20,20.5,A2,A2_prdemcad_20260601_20260630,3,2026-07-09 09:39:26.877
2026-06-30,21,22.15,A2,A2_prdemcad_20260601_20260630,3,2026-07-09 09:39:26.877
2026-06-30,22,29.31,A2,A2_prdemcad_20260601_20260630,3,2026-07-09 09:39:26.877
2026-06-30,23,29.47,A2,A2_prdemcad_20260601_20260630,3,2026-07-09 09:39:26.877
2026-06-30,24,23.19,A2,A2_prdemcad_20260601_20260630,3,2026-07-09 09:39:26.877
2026-07-01,1,16.56,A1,A1_prdemcad_20260701_20260731,2,2026-07-17 08:09:26.576
2026-07-01,2,13.09,A1,A1_prdemcad_20260701_20260731,2,2026-07-17 08:09:26.576
2026-07-01,3,11.69,A1,A1_prdemcad_20260701_20260731,2,2026-07-17 08:09:26.576
2026-07-01,4,10.5,A1,A1_prdemcad_20260701_20260731,2,2026-07-17 08:09:26.576
2026-07-01,5,9.96,A1,A1_prdemcad_20260701_20260731,2,2026-07-17 08:09:26.576
2026-07-01,6,10.77,A1,A1_prdemcad_20260701_20260731,2,2026-07-17 08:09:26.576
2026-07-01,7,18.88,A1,A1_prdemcad_20260701_20260731,2,2026-07-17 08:09:26.576
2026-07-01,8,24.77,A1,A1_prdemcad_20260701_20260731,2,2026-07-17 08:09:26.576
2026-07-01,9,22.3,A1,A1_prdemcad_20260701_20260731,2,2026-07-17 08:09:26.576
2026-07-01,10,24.8,A1,A1_prdemcad_20260701_20260731,2,2026-07-17 08:09:26.576
2026-07-01,11,28.48,A1,A1_prdemcad_20260701_20260731,2,2026-07-17 08:09:26.576
2026-07-01,12,28.44,A1,A1_prdemcad_20260701_20260731,2,2026-07-17 08:09:26.576
2026-07-01,13,26.05,A1,A1_prdemcad_20260701_20260731,2,2026-07-17 08:09:26.576
2026-07-01,14,23.49,A1,A1_prdemcad_20260701_20260731,2,2026-07-17 08:09:26.576
2026-07-01,15,21.68,A1,A1_prdemcad_20260701_20260731,2,2026-07-17 08:09:26.576
2026-07-01,16,20.6,A1,A1_prdemcad_20260701_20260731,2,2026-07-17 08:09:26.576
2026-07-01,17,20.71,A1,A1_prdemcad_20260701_20260731,2,2026-07-17 08:09:26.576
2026-07-01,18,22.94,A1,A1_prdemcad_20260701_20260731,2,2026-07-17 08:09:26.576
2026-07-01,19,22.41,A1,A1_prdemcad_20260701_20260731,2,2026-07-17 08:09:26.576
2026-07-01,20,20.84,A1,A1_prdemcad_20260701_20260731,2,2026-07-17 08:09:26.576
2026-07-01,21,22.44,A1,A1_prdemcad_20260701_20260731,2,2026-07-17 08:09:26.576
2026-07-01,22,25.88,A1,A1_prdemcad_20260701_20260731,2,2026-07-17 08:09:26.576
2026-07-01,23,23.48,A1,A1_prdemcad_20260701_20260731,2,2026-07-17 08:09:26.576
2026-07-01,24,24.68,A1,A1_prdemcad_20260701_20260731,2,2026-07-17 08:09:26.576
2026-07-02,1,22.5,A1,A1_prdemcad_20260701_20260731,2,2026-07-17 08:09:26.576
2026-07-02,2,23.91,A1,A1_prdemcad_20260701_20260731,2,2026-07-17 08:09:26.576
2026-07-02,3,20.11,A1,A1_prdemcad_20260701_20260731,2,2026-07-17 08:09:26.576
2026-07-02,4,14.46,A1,A1_prdemcad_20260701_20260731,2,2026-07-17 08:09:26.576
2026-07-02,5,13.87,A1,A1_prdemcad_20260701_20260731,2,2026-07-17 08:09:26.576
2026-07-02,6,12.21,A1,A1_prdemcad_20260701_20260731,2,2026-07-17 08:09:26.576
2026-07-02,7,17.27,A1,A1_prdemcad_20260701_20260731,2,2026-07-17 08:09:26.576
2026-07-02,8,22.44,A1,A1_prdemcad_20260701_20260731,2,2026-07-17 08:09:26.576
2026-07-02,9,18.14,A1,A1_prdemcad_20260701_20260731,2,2026-07-17 08:09:26.576
2026-07-02,10,22.91,A1,A1_prdemcad_20260701_20260731,2,2026-07-17 08:09:26.576
2026-07-02,11,32.39,A1,A1_prdemcad_20260701_20260731,2,2026-07-17 08:09:26.576
2026-07-02,12,38.23,A1,A1_prdemcad_20260701_20260731,2,2026-07-17 08:09:26.576
2026-07-02,13,37.23,A1,A1_prdemcad_20260701_20260731,2,2026-07-17 08:09:26.576
2026-07-02,14,40.31,A1,A1_prdemcad_20260701_20260731,2,2026-07-17 08:09:26.576
2026-07-02,15,39.16,A1,A1_prdemcad_20260701_20260731,2,2026-07-17 08:09:26.576
2026-07-02,16,39.15,A1,A1_prdemcad_20260701_20260731,2,2026-07-17 08:09:26.576
2026-07-02,17,37.89,A1,A1_prdemcad_20260701_20260731,2,2026-07-17 08:09:26.576
2026-07-02,18,40.13,A1,A1_prdemcad_20260701_20260731,2,2026-07-17 08:09:26.576
2026-07-02,19,36.75,A1,A1_prdemcad_20260701_20260731,2,2026-07-17 08:09:26.576
2026-07-02,20,27.35,A1,A1_prdemcad_20260701_20260731,2,2026-07-17 08:09:26.576
2026-07-02,21,24.24,A1,A1_prdemcad_20260701_20260731,2,2026-07-17 08:09:26.576
2026-07-02,22,34.42,A1,A1_prdemcad_20260701_20260731,2,2026-07-17 08:09:26.576
2026-07-02,23,37.88,A1,A1_prdemcad_20260701_20260731,2,2026-07-17 08:09:26.576
2026-07-02,24,55.86,A1,A1_prdemcad_20260701_20260731,2,2026-07-17 08:09:26.576
2026-07-03,1,32.44,A1,A1_prdemcad_20260701_20260731,2,2026-07-17 08:09:26.576
2026-07-03,2,11.77,A1,A1_prdemcad_20260701_20260731,2,2026-07-17 08:09:26.576
2026-07-03,3,10.44,A1,A1_prdemcad_20260701_20260731,2,2026-07-17 08:09:26.576
2026-07-03,4,10.26,A1,A1_prdemcad_20260701_20260731,2,2026-07-17 08:09:26.576
2026-07-03,5,11.6,A1,A1_prdemcad_20260701_20260731,2,2026-07-17 08:09:26.576
2026-07-03,6,12.15,A1,A1_prdemcad_20260701_20260731,2,2026-07-17 08:09:26.576
2026-07-03,7,15.72,A1,A1_prdemcad_20260701_20260731,2,2026-07-17 08:09:26.576
2026-07-03,8,19.27,A1,A1_prdemcad_20260701_20260731,2,2026-07-17 08:09:26.576
2026-07-03,9,20.24,A1,A1_prdemcad_20260701_20260731,2,2026-07-17 08:09:26.576
2026-07-03,10,21.7,A1,A1_prdemcad_20260701_20260731,2,2026-07-17 08:09:26.576
2026-07-03,11,22.79,A1,A1_prdemcad_20260701_20260731,2,2026-07-17 08:09:26.576
2026-07-03,12,23.15,A1,A1_prdemcad_20260701_20260731,2,2026-07-17 08:09:26.576
2026-07-03,13,22.84,A1,A1_prdemcad_20260701_20260731,2,2026-07-17 08:09:26.576
2026-07-03,14,20.63,A1,A1_prdemcad_20260701_20260731,2,2026-07-17 08:09:26.576
2026-07-03,15,20.39,A1,A1_prdemcad_20260701_20260731,2,2026-07-17 08:09:26.576
2026-07-03,16,20.72,A1,A1_prdemcad_20260701_20260731,2,2026-07-17 08:09:26.576
2026-07-03,17,21.26,A1,A1_prdemcad_20260701_20260731,2,2026-07-17 08:09:26.576
2026-07-03,18,23.12,A1,A1_prdemcad_20260701_20260731,2,2026-07-17 08:09:26.576
2026-07-03,19,26.34,A1,A1_prdemcad_20260701_20260731,2,2026-07-17 08:09:26.576
2026-07-03,20,24.37,A1,A1_prdemcad_20260701_20260731,2,2026-07-17 08:09:26.576
2026-07-03,21,23.06,A1,A1_prdemcad_20260701_20260731,2,2026-07-17 08:09:26.576
2026-07-03,22,25.36,A1,A1_prdemcad_20260701_20260731,2,2026-07-17 08:09:26.576
2026-07-03,23,25.59,A1,A1_prdemcad_20260701_20260731,2,2026-07-17 08:09:26.576
2026-07-03,24,24.84,A1,A1_prdemcad_20260701_20260731,2,2026-07-17 08:09:26.576
2026-07-04,1,12.19,A1,A1_prdemcad_20260701_20260731,2,2026-07-17 08:09:26.576
2026-07-04,2,10.22,A1,A1_prdemcad_20260701_20260731,2,2026-07-17 08:09:26.576
2026-07-04,3,8.16,A1,A1_prdemcad_20260701_20260731,2,2026-07-17 08:09:26.576
2026-07-04,4,6.96,A1,A1_prdemcad_20260701_20260731,2,2026-07-17 08:09:26.576
2026-07-04,5,8.13,A1,A1_prdemcad_20260701_20260731,2,2026-07-17 08:09:26.576
2026-07-04,6,7.34,A1,A1_prdemcad_20260701_20260731,2,2026-07-17 08:09:26.576
2026-07-04,7,6.24,A1,A1_prdemcad_20260701_20260731,2,2026-07-17 08:09:26.576
2026-07-04,8,13.64,A1,A1_prdemcad_20260701_20260731,2,2026-07-17 08:09:26.576
2026-07-04,9,15.62,A1,A1_prdemcad_20260701_20260731,2,2026-07-17 08:09:26.576
2026-07-04,10,19.92,A1,A1_prdemcad_20260701_20260731,2,2026-07-17 08:09:26.576
2026-07-04,11,19.35,A1,A1_prdemcad_20260701_20260731,2,2026-07-17 08:09:26.576
2026-07-04,12,17.86,A1,A1_prdemcad_20260701_20260731,2,2026-07-17 08:09:26.576
2026-07-04,13,17.6,A1,A1_prdemcad_20260701_20260731,2,2026-07-17 08:09:26.576
2026-07-04,14,17.16,A1,A1_prdemcad_20260701_20260731,2,2026-07-17 08:09:26.576
2026-07-04,15,17.1,A1,A1_prdemcad_20260701_20260731,2,2026-07-17 08:09:26.576
2026-07-04,16,17.24,A1,A1_prdemcad_20260701_20260731,2,2026-07-17 08:09:26.576
2026-07-04,17,17.71,A1,A1_prdemcad_20260701_20260731,2,2026-07-17 08:09:26.576
2026-07-04,18,17.49,A1,A1_prdemcad_20260701_20260731,2,2026-07-17 08:09:26.576
2026-07-04,19,18.15,A1,A1_prdemcad_20260701_20260731,2,2026-07-17 08:09:26.576
2026-07-04,20,18.32,A1,A1_prdemcad_20260701_20260731,2,2026-07-17 08:09:26.576
2026-07-04,21,20.2,A1,A1_prdemcad_20260701_20260731,2,2026-07-17 08:09:26.576
2026-07-04,22,19.28,A1,A1_prdemcad_20260701_20260731,2,2026-07-17 08:09:26.576
2026-07-04,23,17.84,A1,A1_prdemcad_20260701_20260731,2,2026-07-17 08:09:26.576
2026-07-04,24,20.86,A1,A1_prdemcad_20260701_20260731,2,2026-07-17 08:09:26.576
2026-07-05,1,7.59,A1,A1_prdemcad_20260701_20260731,2,2026-07-17 08:09:26.576
2026-07-05,2,8.01,A1,A1_prdemcad_20260701_20260731,2,2026-07-17 08:09:26.576
2026-07-05,3,6.95,A1,A1_prdemcad_20260701_20260731,2,2026-07-17 08:09:26.576
2026-07-05,4,7.16,A1,A1_prdemcad_20260701_20260731,2,2026-07-17 08:09:26.576
2026-07-05,5,7.4,A1,A1_prdemcad_20260701_20260731,2,2026-07-17 08:09:26.576
2026-07-05,6,7.3,A1,A1_prdemcad_20260701_20260731,2,2026-07-17 08:09:26.576
2026-07-05,7,7.8,A1,A1_prdemcad_20260701_20260731,2,2026-07-17 08:09:26.576
2026-07-05,8,18.68,A1,A1_prdemcad_20260701_20260731,2,2026-07-17 08:09:26.576
2026-07-05,9,16.07,A1,A1_prdemcad_20260701_20260731,2,2026-07-17 08:09:26.576
2026-07-05,10,11.13,A1,A1_prdemcad_20260701_20260731,2,2026-07-17 08:09:26.576
2026-07-05,11,14.89,A1,A1_prdemcad_20260701_20260731,2,2026-07-17 08:09:26.576
2026-07-05,12,16.35,A1,A1_prdemcad_20260701_20260731,2,2026-07-17 08:09:26.576
2026-07-05,13,15.85,A1,A1_prdemcad_20260701_20260731,2,2026-07-17 08:09:26.576
2026-07-05,14,16.09,A1,A1_prdemcad_20260701_20260731,2,2026-07-17 08:09:26.576
2026-07-05,15,15.71,A1,A1_prdemcad_20260701_20260731,2,2026-07-17 08:09:26.576
2026-07-05,16,14.68,A1,A1_prdemcad_20260701_20260731,2,2026-07-17 08:09:26.576
2026-07-05,17,14.55,A1,A1_prdemcad_20260701_20260731,2,2026-07-17 08:09:26.576
2026-07-05,18,13.17,A1,A1_prdemcad_20260701_20260731,2,2026-07-17 08:09:26.576
2026-07-05,19,12.12,A1,A1_prdemcad_20260701_20260731,2,2026-07-17 08:09:26.576
2026-07-05,20,9.85,A1,A1_prdemcad_20260701_20260731,2,2026-07-17 08:09:26.576
2026-07-05,21,13.38,A1,A1_prdemcad_20260701_20260731,2,2026-07-17 08:09:26.576
2026-07-05,22,12.5,A1,A1_prdemcad_20260701_20260731,2,2026-07-17 08:09:26.576
2026-07-05,23,16.18,A1,A1_prdemcad_20260701_20260731,2,2026-07-17 08:09:26.576
2026-07-05,24,17.18,A1,A1_prdemcad_20260701_20260731,2,2026-07-17 08:09:26.576
2026-07-06,1,8.06,A1,A1_prdemcad_20260701_20260731,2,2026-07-17 08:09:26.576
2026-07-06,2,5.86,A1,A1_prdemcad_20260701_20260731,2,2026-07-17 08:09:26.576
2026-07-06,3,6.31,A1,A1_prdemcad_20260701_20260731,2,2026-07-17 08:09:26.576
2026-07-06,4,2.61,A1,A1_prdemcad_20260701_20260731,2,2026-07-17 08:09:26.576
2026-07-06,5,4.39,A1,A1_prdemcad_20260701_20260731,2,2026-07-17 08:09:26.576
2026-07-06,6,5.84,A1,A1_prdemcad_20260701_20260731,2,2026-07-17 08:09:26.576
2026-07-06,7,22.08,A1,A1_prdemcad_20260701_20260731,2,2026-07-17 08:09:26.576
2026-07-06,8,29.68,A1,A1_prdemcad_20260701_20260731,2,2026-07-17 08:09:26.576
2026-07-06,9,23.21,A1,A1_prdemcad_20260701_20260731,2,2026-07-17 08:09:26.576
2026-07-06,10,15.22,A1,A1_prdemcad_20260701_20260731,2,2026-07-17 08:09:26.576
2026-07-06,11,14.72,A1,A1_prdemcad_20260701_20260731,2,2026-07-17 08:09:26.576
2026-07-06,12,15.67,A1,A1_prdemcad_20260701_20260731,2,2026-07-17 08:09:26.576
2026-07-06,13,17.11,A1,A1_prdemcad_20260701_20260731,2,2026-07-17 08:09:26.576
2026-07-06,14,16.75,A1,A1_prdemcad_20260701_20260731,2,2026-07-17 08:09:26.576
2026-07-06,15,16.5,A1,A1_prdemcad_20260701_20260731,2,2026-07-17 08:09:26.576
2026-07-06,16,15.26,A1,A1_prdemcad_20260701_20260731,2,2026-07-17 08:09:26.576
2026-07-06,17,14.02,A1,A1_prdemcad_20260701_20260731,2,2026-07-17 08:09:26.576
2026-07-06,18,15.16,A1,A1_prdemcad_20260701_20260731,2,2026-07-17 08:09:26.576
2026-07-06,19,15.74,A1,A1_prdemcad_20260701_20260731,2,2026-07-17 08:09:26.576
2026-07-06,20,19.33,A1,A1_prdemcad_20260701_20260731,2,2026-07-17 08:09:26.576
2026-07-06,21,26.93,A1,A1_prdemcad_20260701_20260731,2,2026-07-17 08:09:26.576
2026-07-06,22,31.15,A1,A1_prdemcad_20260701_20260731,2,2026-07-17 08:09:26.576
2026-07-06,23,30.41,A1,A1_prdemcad_20260701_20260731,2,2026-07-17 08:09:26.576
2026-07-06,24,24.08,A1,A1_prdemcad_20260701_20260731,2,2026-07-17 08:09:26.576
2026-07-07,1,9.26,A1,A1_prdemcad_20260701_20260731,2,2026-07-17 08:09:26.576
2026-07-07,2,6.32,A1,A1_prdemcad_20260701_20260731,2,2026-07-17 08:09:26.576
2026-07-07,3,7.59,A1,A1_prdemcad_20260701_20260731,2,2026-07-17 08:09:26.576
2026-07-07,4,8.26,A1,A1_prdemcad_20260701_20260731,2,2026-07-17 08:09:26.576
2026-07-07,5,8.39,A1,A1_prdemcad_20260701_20260731,2,2026-07-17 08:09:26.576
2026-07-07,6,8.65,A1,A1_prdemcad_20260701_20260731,2,2026-07-17 08:09:26.576
2026-07-07,7,17.05,A1,A1_prdemcad_20260701_20260731,2,2026-07-17 08:09:26.576
2026-07-07,8,19.12,A1,A1_prdemcad_20260701_20260731,2,2026-07-17 08:09:26.576
2026-07-07,9,10.78,A1,A1_prdemcad_20260701_20260731,2,2026-07-17 08:09:26.576
2026-07-07,10,15.46,A1,A1_prdemcad_20260701_20260731,2,2026-07-17 08:09:26.576
2026-07-07,11,17.32,A1,A1_prdemcad_20260701_20260731,2,2026-07-17 08:09:26.576
2026-07-07,12,15.98,A1,A1_prdemcad_20260701_20260731,2,2026-07-17 08:09:26.576
2026-07-07,13,14.59,A1,A1_prdemcad_20260701_20260731,2,2026-07-17 08:09:26.576
2026-07-07,14,15.98,A1,A1_prdemcad_20260701_20260731,2,2026-07-17 08:09:26.576
2026-07-07,15,16.91,A1,A1_prdemcad_20260701_20260731,2,2026-07-17 08:09:26.576
2026-07-07,16,19.04,A1,A1_prdemcad_20260701_20260731,2,2026-07-17 08:09:26.576
2026-07-07,17,14.88,A1,A1_prdemcad_20260701_20260731,2,2026-07-17 08:09:26.576
2026-07-07,18,15.85,A1,A1_prdemcad_20260701_20260731,2,2026-07-17 08:09:26.576
2026-07-07,19,16.61,A1,A1_prdemcad_20260701_20260731,2,2026-07-17 08:09:26.576
2026-07-07,20,22.24,A1,A1_prdemcad_20260701_20260731,2,2026-07-17 08:09:26.576
2026-07-07,21,24.25,A1,A1_prdemcad_20260701_20260731,2,2026-07-17 08:09:26.576
2026-07-07,22,22.62,A1,A1_prdemcad_20260701_20260731,2,2026-07-17 08:09:26.576
2026-07-07,23,21.81,A1,A1_prdemcad_20260701_20260731,2,2026-07-17 08:09:26.576
2026-07-07,24,23.1,A1,A1_prdemcad_20260701_20260731,2,2026-07-17 08:09:26.576
2026-07-08,1,6.88,A1,A1_prdemcad_20260701_20260731,2,2026-07-17 08:09:26.576
2026-07-08,2,7.49,A1,A1_prdemcad_20260701_20260731,2,2026-07-17 08:09:26.576
2026-07-08,3,3.2,A1,A1_prdemcad_20260701_20260731,2,2026-07-17 08:09:26.576
2026-07-08,4,4.97,A1,A1_prdemcad_20260701_20260731,2,2026-07-17 08:09:26.576
2026-07-08,5,5.84,A1,A1_prdemcad_20260701_20260731,2,2026-07-17 08:09:26.576
2026-07-08,6,6.94,A1,A1_prdemcad_20260701_20260731,2,2026-07-17 08:09:26.576
2026-07-08,7,18.78,A1,A1_prdemcad_20260701_20260731,2,2026-07-17 08:09:26.576
2026-07-08,8,22.28,A1,A1_prdemcad_20260701_20260731,2,2026-07-17 08:09:26.576
2026-07-08,9,13.65,A1,A1_prdemcad_20260701_20260731,2,2026-07-17 08:09:26.576
2026-07-08,10,11.55,A1,A1_prdemcad_20260701_20260731,2,2026-07-17 08:09:26.576
2026-07-08,11,13.86,A1,A1_prdemcad_20260701_20260731,2,2026-07-17 08:09:26.576
2026-07-08,12,15.94,A1,A1_prdemcad_20260701_20260731,2,2026-07-17 08:09:26.576
2026-07-08,13,17.72,A1,A1_prdemcad_20260701_20260731,2,2026-07-17 08:09:26.576
2026-07-08,14,17.17,A1,A1_prdemcad_20260701_20260731,2,2026-07-17 08:09:26.576
2026-07-08,15,15.93,A1,A1_prdemcad_20260701_20260731,2,2026-07-17 08:09:26.576
2026-07-08,16,17.25,A1,A1_prdemcad_20260701_20260731,2,2026-07-17 08:09:26.576
2026-07-08,17,18.03,A1,A1_prdemcad_20260701_20260731,2,2026-07-17 08:09:26.576
2026-07-08,18,18.82,A1,A1_prdemcad_20260701_20260731,2,2026-07-17 08:09:26.576
2026-07-08,19,20.29,A1,A1_prdemcad_20260701_20260731,2,2026-07-17 08:09:26.576
2026-07-08,20,22.53,A1,A1_prdemcad_20260701_20260731,2,2026-07-17 08:09:26.576
2026-07-08,21,28.38,A1,A1_prdemcad_20260701_20260731,2,2026-07-17 08:09:26.576
2026-07-08,22,25.78,A1,A1_prdemcad_20260701_20260731,2,2026-07-17 08:09:26.576
2026-07-08,23,22.69,A1,A1_prdemcad_20260701_20260731,2,2026-07-17 08:09:26.576
2026-07-08,24,26.87,A1,A1_prdemcad_20260701_20260731,2,2026-07-17 08:09:26.576
2026-07-09,1,6.87,A1,A1_prdemcad_20260701_20260731,2,2026-07-17 08:09:26.576
2026-07-09,2,7.71,A1,A1_prdemcad_20260701_20260731,2,2026-07-17 08:09:26.576
2026-07-09,3,6.03,A1,A1_prdemcad_20260701_20260731,2,2026-07-17 08:09:26.576
2026-07-09,4,5.62,A1,A1_prdemcad_20260701_20260731,2,2026-07-17 08:09:26.576
2026-07-09,5,5.91,A1,A1_prdemcad_20260701_20260731,2,2026-07-17 08:09:26.576
2026-07-09,6,7.1,A1,A1_prdemcad_20260701_20260731,2,2026-07-17 08:09:26.576
2026-07-09,7,15.4,A1,A1_prdemcad_20260701_20260731,2,2026-07-17 08:09:26.576
2026-07-09,8,20.82,A1,A1_prdemcad_20260701_20260731,2,2026-07-17 08:09:26.576
2026-07-09,9,13.47,A1,A1_prdemcad_20260701_20260731,2,2026-07-17 08:09:26.576
2026-07-09,10,13.87,A1,A1_prdemcad_20260701_20260731,2,2026-07-17 08:09:26.576
2026-07-09,11,12.64,A1,A1_prdemcad_20260701_20260731,2,2026-07-17 08:09:26.576
2026-07-09,12,14.3,A1,A1_prdemcad_20260701_20260731,2,2026-07-17 08:09:26.576
2026-07-09,13,19.41,A1,A1_prdemcad_20260701_20260731,2,2026-07-17 08:09:26.576
2026-07-09,14,18.74,A1,A1_prdemcad_20260701_20260731,2,2026-07-17 08:09:26.576
2026-07-09,15,18.13,A1,A1_prdemcad_20260701_20260731,2,2026-07-17 08:09:26.576
2026-07-09,16,19.51,A1,A1_prdemcad_20260701_20260731,2,2026-07-17 08:09:26.576
2026-07-09,17,17.54,A1,A1_prdemcad_20260701_20260731,2,2026-07-17 08:09:26.576
2026-07-09,18,15.21,A1,A1_prdemcad_20260701_20260731,2,2026-07-17 08:09:26.576
2026-07-09,19,17.52,A1,A1_prdemcad_20260701_20260731,2,2026-07-17 08:09:26.576
2026-07-09,20,19.47,A1,A1_prdemcad_20260701_20260731,2,2026-07-17 08:09:26.576
2026-07-09,21,25.31,A1,A1_prdemcad_20260701_20260731,2,2026-07-17 08:09:26.576
2026-07-09,22,31.94,A1,A1_prdemcad_20260701_20260731,2,2026-07-17 08:09:26.576
2026-07-09,23,30.07,A1,A1_prdemcad_20260701_20260731,2,2026-07-17 08:09:26.576
2026-07-09,24,29.71,A1,A1_prdemcad_20260701_20260731,2,2026-07-17 08:09:26.576
2026-07-10,1,7.01,A1,A1_prdemcad_20260701_20260731,2,2026-07-17 08:09:26.576
2026-07-10,2,6.88,A1,A1_prdemcad_20260701_20260731,2,2026-07-17 08:09:26.576
2026-07-10,3,4.58,A1,A1_prdemcad_20260701_20260731,2,2026-07-17 08:09:26.576
2026-07-10,4,3.93,A1,A1_prdemcad_20260701_20260731,2,2026-07-17 08:09:26.576
2026-07-10,5,3.32,A1,A1_prdemcad_20260701_20260731,2,2026-07-17 08:09:26.576
2026-07-10,6,5.76,A1,A1_prdemcad_20260701_20260731,2,2026-07-17 08:09:26.576
2026-07-10,7,11.48,A1,A1_prdemcad_20260701_20260731,2,2026-07-17 08:09:26.576
2026-07-10,8,18.01,A1,A1_prdemcad_20260701_20260731,2,2026-07-17 08:09:26.576
2026-07-10,9,12.33,A1,A1_prdemcad_20260701_20260731,2,2026-07-17 08:09:26.576
2026-07-10,10,17.27,A1,A1_prdemcad_20260701_20260731,2,2026-07-17 08:09:26.576
2026-07-10,11,22.17,A1,A1_prdemcad_20260701_20260731,2,2026-07-17 08:09:26.576
2026-07-10,12,15.78,A1,A1_prdemcad_20260701_20260731,2,2026-07-17 08:09:26.576
2026-07-10,13,17.25,A1,A1_prdemcad_20260701_20260731,2,2026-07-17 08:09:26.576
2026-07-10,14,19.67,A1,A1_prdemcad_20260701_20260731,2,2026-07-17 08:09:26.576
2026-07-10,15,20.01,A1,A1_prdemcad_20260701_20260731,2,2026-07-17 08:09:26.576
2026-07-10,16,18.35,A1,A1_prdemcad_20260701_20260731,2,2026-07-17 08:09:26.576
2026-07-10,17,20.39,A1,A1_prdemcad_20260701_20260731,2,2026-07-17 08:09:26.576
2026-07-10,18,21.92,A1,A1_prdemcad_20260701_20260731,2,2026-07-17 08:09:26.576
2026-07-10,19,20.04,A1,A1_prdemcad_20260701_20260731,2,2026-07-17 08:09:26.576
2026-07-10,20,19.53,A1,A1_prdemcad_20260701_20260731,2,2026-07-17 08:09:26.576
2026-07-10,21,22.02,A1,A1_prdemcad_20260701_20260731,2,2026-07-17 08:09:26.576
2026-07-10,22,29.64,A1,A1_prdemcad_20260701_20260731,2,2026-07-17 08:09:26.576
2026-07-10,23,29.23,A1,A1_prdemcad_20260701_20260731,2,2026-07-17 08:09:26.576
2026-07-10,24,23.91,A1,A1_prdemcad_20260701_20260731,2,2026-07-17 08:09:26.576
2026-07-11,1,6.26,A1,A1_prdemcad_20260701_20260731,2,2026-07-17 08:09:26.576
2026-07-11,2,5.48,A1,A1_prdemcad_20260701_20260731,2,2026-07-17 08:09:26.576
2026-07-11,3,4.13,A1,A1_prdemcad_20260701_20260731,2,2026-07-17 08:09:26.576
2026-07-11,4,5.13,A1,A1_prdemcad_20260701_20260731,2,2026-07-17 08:09:26.576
2026-07-11,5,6.05,A1,A1_prdemcad_20260701_20260731,2,2026-07-17 08:09:26.576
2026-07-11,6,6.59,A1,A1_prdemcad_20260701_20260731,2,2026-07-17 08:09:26.576
2026-07-11,7,8.95,A1,A1_prdemcad_20260701_20260731,2,2026-07-17 08:09:26.576
2026-07-11,8,14.41,A1,A1_prdemcad_20260701_20260731,2,2026-07-17 08:09:26.576
2026-07-11,9,12.29,A1,A1_prdemcad_20260701_20260731,2,2026-07-17 08:09:26.576
2026-07-11,10,12.81,A1,A1_prdemcad_20260701_20260731,2,2026-07-17 08:09:26.576
2026-07-11,11,14.08,A1,A1_prdemcad_20260701_20260731,2,2026-07-17 08:09:26.576
2026-07-11,12,15.48,A1,A1_prdemcad_20260701_20260731,2,2026-07-17 08:09:26.576
2026-07-11,13,15.21,A1,A1_prdemcad_20260701_20260731,2,2026-07-17 08:09:26.576
2026-07-11,14,14.88,A1,A1_prdemcad_20260701_20260731,2,2026-07-17 08:09:26.576
2026-07-11,15,14.78,A1,A1_prdemcad_20260701_20260731,2,2026-07-17 08:09:26.576
2026-07-11,16,15.52,A1,A1_prdemcad_20260701_20260731,2,2026-07-17 08:09:26.576
2026-07-11,17,25.31,A1,A1_prdemcad_20260701_20260731,2,2026-07-17 08:09:26.576
2026-07-11,18,22.21,A1,A1_prdemcad_20260701_20260731,2,2026-07-17 08:09:26.576
2026-07-11,19,13.62,A1,A1_prdemcad_20260701_20260731,2,2026-07-17 08:09:26.576
2026-07-11,20,15.56,A1,A1_prdemcad_20260701_20260731,2,2026-07-17 08:09:26.576
2026-07-11,21,16.72,A1,A1_prdemcad_20260701_20260731,2,2026-07-17 08:09:26.576
2026-07-11,22,17.87,A1,A1_prdemcad_20260701_20260731,2,2026-07-17 08:09:26.576
2026-07-11,23,20.31,A1,A1_prdemcad_20260701_20260731,2,2026-07-17 08:09:26.576
2026-07-11,24,20.63,A1,A1_prdemcad_20260701_20260731,2,2026-07-17 08:09:26.576
2026-07-12,1,10.07,A1,A1_prdemcad_20260701_20260731,2,2026-07-17 08:09:26.576
2026-07-12,2,7.41,A1,A1_prdemcad_20260701_20260731,2,2026-07-17 08:09:26.576
2026-07-12,3,8.93,A1,A1_prdemcad_20260701_20260731,2,2026-07-17 08:09:26.576
2026-07-12,4,7.56,A1,A1_prdemcad_20260701_20260731,2,2026-07-17 08:09:26.576
2026-07-12,5,8.4,A1,A1_prdemcad_20260701_20260731,2,2026-07-17 08:09:26.576
2026-07-12,6,8.24,A1,A1_prdemcad_20260701_20260731,2,2026-07-17 08:09:26.576
2026-07-12,7,10.52,A1,A1_prdemcad_20260701_20260731,2,2026-07-17 08:09:26.576
2026-07-12,8,21.76,A1,A1_prdemcad_20260701_20260731,2,2026-07-17 08:09:26.576
2026-07-12,9,21.2,A1,A1_prdemcad_20260701_20260731,2,2026-07-17 08:09:26.576
2026-07-12,10,13.76,A1,A1_prdemcad_20260701_20260731,2,2026-07-17 08:09:26.576
2026-07-12,11,17.65,A1,A1_prdemcad_20260701_20260731,2,2026-07-17 08:09:26.576
2026-07-12,12,20.41,A1,A1_prdemcad_20260701_20260731,2,2026-07-17 08:09:26.576
2026-07-12,13,17.55,A1,A1_prdemcad_20260701_20260731,2,2026-07-17 08:09:26.576
2026-07-12,14,18.45,A1,A1_prdemcad_20260701_20260731,2,2026-07-17 08:09:26.576
2026-07-12,15,18.93,A1,A1_prdemcad_20260701_20260731,2,2026-07-17 08:09:26.576
2026-07-12,16,20.82,A1,A1_prdemcad_20260701_20260731,2,2026-07-17 08:09:26.576
2026-07-12,17,26.26,A1,A1_prdemcad_20260701_20260731,2,2026-07-17 08:09:26.576
2026-07-12,18,27.73,A1,A1_prdemcad_20260701_20260731,2,2026-07-17 08:09:26.576
2026-07-12,19,26.78,A1,A1_prdemcad_20260701_20260731,2,2026-07-17 08:09:26.576
2026-07-12,20,26.25,A1,A1_prdemcad_20260701_20260731,2,2026-07-17 08:09:26.576
2026-07-12,21,31.74,A1,A1_prdemcad_20260701_20260731,2,2026-07-17 08:09:26.576
2026-07-12,22,29.68,A1,A1_prdemcad_20260701_20260731,2,2026-07-17 08:09:26.576
2026-07-12,23,24.78,A1,A1_prdemcad_20260701_20260731,2,2026-07-17 08:09:26.576
2026-07-12,24,23.79,A1,A1_prdemcad_20260701_20260731,2,2026-07-17 08:09:26.576
2026-07-13,1,9.28,A1,A1_prdemcad_20260701_20260731,2,2026-07-17 08:09:26.576
2026-07-13,2,9.64,A1,A1_prdemcad_20260701_20260731,2,2026-07-17 08:09:26.576
2026-07-13,3,8.07,A1,A1_prdemcad_20260701_20260731,2,2026-07-17 08:09:26.576
2026-07-13,4,8.17,A1,A1_prdemcad_20260701_20260731,2,2026-07-17 08:09:26.576
2026-07-13,5,8.52,A1,A1_prdemcad_20260701_20260731,2,2026-07-17 08:09:26.576
2026-07-13,6,12.51,A1,A1_prdemcad_20260701_20260731,2,2026-07-17 08:09:26.576
2026-07-13,7,19.49,A1,A1_prdemcad_20260701_20260731,2,2026-07-17 08:09:26.576
2026-07-13,8,24.82,A1,A1_prdemcad_20260701_20260731,2,2026-07-17 08:09:26.576
2026-07-13,9,20.73,A1,A1_prdemcad_20260701_20260731,2,2026-07-17 08:09:26.576
2026-07-13,10,18.0,A1,A1_prdemcad_20260701_20260731,2,2026-07-17 08:09:26.576
2026-07-13,11,20.97,A1,A1_prdemcad_20260701_20260731,2,2026-07-17 08:09:26.576
2026-07-13,12,18.32,A1,A1_prdemcad_20260701_20260731,2,2026-07-17 08:09:26.576
2026-07-13,13,20.92,A1,A1_prdemcad_20260701_20260731,2,2026-07-17 08:09:26.576
2026-07-13,14,20.36,A1,A1_prdemcad_20260701_20260731,2,2026-07-17 08:09:26.576
2026-07-13,15,22.33,A1,A1_prdemcad_20260701_20260731,2,2026-07-17 08:09:26.576
2026-07-13,16,23.45,A1,A1_prdemcad_20260701_20260731,2,2026-07-17 08:09:26.576
2026-07-13,17,24.84,A1,A1_prdemcad_20260701_20260731,2,2026-07-17 08:09:26.576
2026-07-13,18,30.5,A1,A1_prdemcad_20260701_20260731,2,2026-07-17 08:09:26.576
2026-07-13,19,30.75,A1,A1_prdemcad_20260701_20260731,2,2026-07-17 08:09:26.576
2026-07-13,20,31.7,A1,A1_prdemcad_20260701_20260731,2,2026-07-17 08:09:26.576
2026-07-13,21,34.27,A1,A1_prdemcad_20260701_20260731,2,2026-07-17 08:09:26.576
2026-07-13,22,16.21,A1,A1_prdemcad_20260701_20260731,2,2026-07-17 08:09:26.576
2026-07-13,23,19.27,A1,A1_prdemcad_20260701_20260731,2,2026-07-17 08:09:26.576
2026-07-13,24,22.81,A1,A1_prdemcad_20260701_20260731,2,2026-07-17 08:09:26.576
2026-07-14,1,6.09,A1,A1_prdemcad_20260701_20260731,2,2026-07-17 08:09:26.576
2026-07-14,2,7.81,A1,A1_prdemcad_20260701_20260731,2,2026-07-17 08:09:26.576
2026-07-14,3,8.81,A1,A1_prdemcad_20260701_20260731,2,2026-07-17 08:09:26.576
2026-07-14,4,9.65,A1,A1_prdemcad_20260701_20260731,2,2026-07-17 08:09:26.576
2026-07-14,5,10.7,A1,A1_prdemcad_20260701_20260731,2,2026-07-17 08:09:26.576
2026-07-14,6,10.04,A1,A1_prdemcad_20260701_20260731,2,2026-07-17 08:09:26.576
2026-07-14,7,21.23,A1,A1_prdemcad_20260701_20260731,2,2026-07-17 08:09:26.576
2026-07-14,8,24.02,A1,A1_prdemcad_20260701_20260731,2,2026-07-17 08:09:26.576
2026-07-14,9,16.72,A1,A1_prdemcad_20260701_20260731,2,2026-07-17 08:09:26.576
2026-07-14,10,19.62,A1,A1_prdemcad_20260701_20260731,2,2026-07-17 08:09:26.576
2026-07-14,11,21.52,A1,A1_prdemcad_20260701_20260731,2,2026-07-17 08:09:26.576
2026-07-14,12,24.99,A1,A1_prdemcad_20260701_20260731,2,2026-07-17 08:09:26.576
2026-07-14,13,24.41,A1,A1_prdemcad_20260701_20260731,2,2026-07-17 08:09:26.576
2026-07-14,14,22.9,A1,A1_prdemcad_20260701_20260731,2,2026-07-17 08:09:26.576
2026-07-14,15,22.61,A1,A1_prdemcad_20260701_20260731,2,2026-07-17 08:09:26.576
2026-07-14,16,22.26,A1,A1_prdemcad_20260701_20260731,2,2026-07-17 08:09:26.576
2026-07-14,17,21.97,A1,A1_prdemcad_20260701_20260731,2,2026-07-17 08:09:26.576
2026-07-14,18,16.39,A1,A1_prdemcad_20260701_20260731,2,2026-07-17 08:09:26.576
2026-07-14,19,22.98,A1,A1_prdemcad_20260701_20260731,2,2026-07-17 08:09:26.576
2026-07-14,20,25.7,A1,A1_prdemcad_20260701_20260731,2,2026-07-17 08:09:26.576
2026-07-14,21,28.88,A1,A1_prdemcad_20260701_20260731,2,2026-07-17 08:09:26.576
2026-07-14,22,33.47,A1,A1_prdemcad_20260701_20260731,2,2026-07-17 08:09:26.576
2026-07-14,23,35.85,A1,A1_prdemcad_20260701_20260731,2,2026-07-17 08:09:26.576
2026-07-14,24,31.35,A1,A1_prdemcad_20260701_20260731,2,2026-07-17 08:09:26.576
2026-07-15,1,6.87,A1,A1_prdemcad_20260701_20260731,2,2026-07-17 08:09:26.576
2026-07-15,2,5.55,A1,A1_prdemcad_20260701_20260731,2,2026-07-17 08:09:26.576
2026-07-15,3,6.57,A1,A1_prdemcad_20260701_20260731,2,2026-07-17 08:09:26.576
2026-07-15,4,6.81,A1,A1_prdemcad_20260701_20260731,2,2026-07-17 08:09:26.576
2026-07-15,5,7.59,A1,A1_prdemcad_20260701_20260731,2,2026-07-17 08:09:26.576
2026-07-15,6,8.69,A1,A1_prdemcad_20260701_20260731,2,2026-07-17 08:09:26.576
2026-07-15,7,16.44,A1,A1_prdemcad_20260701_20260731,2,2026-07-17 08:09:26.576
2026-07-15,8,20.51,A1,A1_prdemcad_20260701_20260731,2,2026-07-17 08:09:26.576
2026-07-15,9,15.57,A1,A1_prdemcad_20260701_20260731,2,2026-07-17 08:09:26.576
2026-07-15,10,16.06,A1,A1_prdemcad_20260701_20260731,2,2026-07-17 08:09:26.576
2026-07-15,11,14.99,A1,A1_prdemcad_20260701_20260731,2,2026-07-17 08:09:26.576
2026-07-15,12,20.24,A1,A1_prdemcad_20260701_20260731,2,2026-07-17 08:09:26.576
2026-07-15,13,20.54,A1,A1_prdemcad_20260701_20260731,2,2026-07-17 08:09:26.576
2026-07-15,14,19.48,A1,A1_prdemcad_20260701_20260731,2,2026-07-17 08:09:26.576
2026-07-15,15,17.47,A1,A1_prdemcad_20260701_20260731,2,2026-07-17 08:09:26.576
2026-07-15,16,26.07,A1,A1_prdemcad_20260701_20260731,2,2026-07-17 08:09:26.576
2026-07-15,17,22.54,A1,A1_prdemcad_20260701_20260731,2,2026-07-17 08:09:26.576
2026-07-15,18,20.55,A1,A1_prdemcad_20260701_20260731,2,2026-07-17 08:09:26.576
2026-07-15,19,25.62,A1,A1_prdemcad_20260701_20260731,2,2026-07-17 08:09:26.576
2026-07-15,20,25.71,A1,A1_prdemcad_20260701_20260731,2,2026-07-17 08:09:26.576
2026-07-15,21,20.5,A1,A1_prdemcad_20260701_20260731,2,2026-07-17 08:09:26.576
2026-07-15,22,13.55,A1,A1_prdemcad_20260701_20260731,2,2026-07-17 08:09:26.576
2026-07-15,23,29.31,A1,A1_prdemcad_20260701_20260731,2,2026-07-17 08:09:26.576
2026-07-15,24,35.77,A1,A1_prdemcad_20260701_20260731,2,2026-07-17 08:09:26.576
2026-07-16,1,9.93,A2,A2_prdemcad_20260701_20260731,3,2026-07-20 19:44:05.691
2026-07-16,2,9.3,A2,A2_prdemcad_20260701_20260731,3,2026-07-20 19:44:05.691
2026-07-16,3,9.86,A2,A2_prdemcad_20260701_20260731,3,2026-07-20 19:44:05.691
2026-07-16,4,9.39,A2,A2_prdemcad_20260701_20260731,3,2026-07-20 19:44:05.691
2026-07-16,5,11.11,A2,A2_prdemcad_20260701_20260731,3,2026-07-20 19:44:05.691
2026-07-16,6,11.31,A2,A2_prdemcad_20260701_20260731,3,2026-07-20 19:44:05.691
2026-07-16,7,18.55,A2,A2_prdemcad_20260701_20260731,3,2026-07-20 19:44:05.691
2026-07-16,8,24.47,A2,A2_prdemcad_20260701_20260731,3,2026-07-20 19:44:05.691
2026-07-16,9,20.4,A2,A2_prdemcad_20260701_20260731,3,2026-07-20 19:44:05.691
2026-07-16,10,14.33,A2,A2_prdemcad_20260701_20260731,3,2026-07-20 19:44:05.691
2026-07-16,11,16.32,A2,A2_prdemcad_20260701_20260731,3,2026-07-20 19:44:05.691
2026-07-16,12,18.1,A2,A2_prdemcad_20260701_20260731,3,2026-07-20 19:44:05.691
2026-07-16,13,21.3,A2,A2_prdemcad_20260701_20260731,3,2026-07-20 19:44:05.691
2026-07-16,14,21.45,A2,A2_prdemcad_20260701_20260731,3,2026-07-20 19:44:05.691
2026-07-16,15,21.28,A2,A2_prdemcad_20260701_20260731,3,2026-07-20 19:44:05.691
2026-07-16,16,24.25,A2,A2_prdemcad_20260701_20260731,3,2026-07-20 19:44:05.691
2026-07-16,17,28.58,A2,A2_prdemcad_20260701_20260731,3,2026-07-20 19:44:05.691
2026-07-16,18,23.52,A2,A2_prdemcad_20260701_20260731,3,2026-07-20 19:44:05.691
2026-07-16,19,24.64,A2,A2_prdemcad_20260701_20260731,3,2026-07-20 19:44:05.691
2026-07-16,20,24.76,A2,A2_prdemcad_20260701_20260731,3,2026-07-20 19:44:05.691
2026-07-16,21,30.82,A2,A2_prdemcad_20260701_20260731,3,2026-07-20 19:44:05.691
2026-07-16,22,29.53,A2,A2_prdemcad_20260701_20260731,3,2026-07-20 19:44:05.691
2026-07-16,23,28.39,A2,A2_prdemcad_20260701_20260731,3,2026-07-20 19:44:05.691
2026-07-16,24,29.87,A2,A2_prdemcad_20260701_20260731,3,2026-07-20 19:44:05.691
2026-07-17,1,11.56,A2,A2_prdemcad_20260701_20260731,3,2026-07-20 19:44:05.691
2026-07-17,2,10.67,A2,A2_prdemcad_20260701_20260731,3,2026-07-20 19:44:05.691
2026-07-17,3,8.56,A2,A2_prdemcad_20260701_20260731,3,2026-07-20 19:44:05.691
2026-07-17,4,5.71,A2,A2_prdemcad_20260701_20260731,3,2026-07-20 19:44:05.691
2026-07-17,5,7.3,A2,A2_prdemcad_20260701_20260731,3,2026-07-20 19:44:05.691
2026-07-17,6,7.56,A2,A2_prdemcad_20260701_20260731,3,2026-07-20 19:44:05.691
2026-07-17,7,22.11,A2,A2_prdemcad_20260701_20260731,3,2026-07-20 19:44:05.691
2026-07-17,8,26.59,A2,A2_prdemcad_20260701_20260731,3,2026-07-20 19:44:05.691
2026-07-17,9,16.98,A2,A2_prdemcad_20260701_20260731,3,2026-07-20 19:44:05.691
2026-07-17,10,19.16,A2,A2_prdemcad_20260701_20260731,3,2026-07-20 19:44:05.691
2026-07-17,11,19.09,A2,A2_prdemcad_20260701_20260731,3,2026-07-20 19:44:05.691
2026-07-17,12,23.96,A2,A2_prdemcad_20260701_20260731,3,2026-07-20 19:44:05.691
2026-07-17,13,25.75,A2,A2_prdemcad_20260701_20260731,3,2026-07-20 19:44:05.691
2026-07-17,14,20.84,A2,A2_prdemcad_20260701_20260731,3,2026-07-20 19:44:05.691
2026-07-17,15,20.65,A2,A2_prdemcad_20260701_20260731,3,2026-07-20 19:44:05.691
2026-07-17,16,22.76,A2,A2_prdemcad_20260701_20260731,3,2026-07-20 19:44:05.691
2026-07-17,17,24.76,A2,A2_prdemcad_20260701_20260731,3,2026-07-20 19:44:05.691
2026-07-17,18,23.86,A2,A2_prdemcad_20260701_20260731,3,2026-07-20 19:44:05.691
2026-07-17,19,22.18,A2,A2_prdemcad_20260701_20260731,3,2026-07-20 19:44:05.691
2026-07-17,20,20.09,A2,A2_prdemcad_20260701_20260731,3,2026-07-20 19:44:05.691
2026-07-17,21,28.74,A2,A2_prdemcad_20260701_20260731,3,2026-07-20 19:44:05.691
2026-07-17,22,31.22,A2,A2_prdemcad_20260701_20260731,3,2026-07-20 19:44:05.691
2026-07-17,23,33.11,A2,A2_prdemcad_20260701_20260731,3,2026-07-20 19:44:05.691
2026-07-17,24,28.55,A2,A2_prdemcad_20260701_20260731,3,2026-07-20 19:44:05.691
2026-07-18,1,5.75,A2,A2_prdemcad_20260701_20260731,3,2026-07-20 19:44:05.691
2026-07-18,2,8.51,A2,A2_prdemcad_20260701_20260731,3,2026-07-20 19:44:05.691
2026-07-18,3,10.23,A2,A2_prdemcad_20260701_20260731,3,2026-07-20 19:44:05.691
2026-07-18,4,8.66,A2,A2_prdemcad_20260701_20260731,3,2026-07-20 19:44:05.691
2026-07-18,5,8.62,A2,A2_prdemcad_20260701_20260731,3,2026-07-20 19:44:05.691
2026-07-18,6,10.94,A2,A2_prdemcad_20260701_20260731,3,2026-07-20 19:44:05.691
2026-07-18,7,14.0,A2,A2_prdemcad_20260701_20260731,3,2026-07-20 19:44:05.691
2026-07-18,8,17.9,A2,A2_prdemcad_20260701_20260731,3,2026-07-20 19:44:05.691
2026-07-18,9,16.58,A2,A2_prdemcad_20260701_20260731,3,2026-07-20 19:44:05.691
2026-07-18,10,18.89,A2,A2_prdemcad_20260701_20260731,3,2026-07-20 19:44:05.691
2026-07-18,11,18.29,A2,A2_prdemcad_20260701_20260731,3,2026-07-20 19:44:05.691
2026-07-18,12,23.05,A2,A2_prdemcad_20260701_20260731,3,2026-07-20 19:44:05.691
2026-07-18,13,24.37,A2,A2_prdemcad_20260701_20260731,3,2026-07-20 19:44:05.691
2026-07-18,14,23.59,A2,A2_prdemcad_20260701_20260731,3,2026-07-20 19:44:05.691
2026-07-18,15,22.11,A2,A2_prdemcad_20260701_20260731,3,2026-07-20 19:44:05.691
2026-07-18,16,22.33,A2,A2_prdemcad_20260701_20260731,3,2026-07-20 19:44:05.691
2026-07-18,17,25.01,A2,A2_prdemcad_20260701_20260731,3,2026-07-20 19:44:05.691
2026-07-18,18,25.9,A2,A2_prdemcad_20260701_20260731,3,2026-07-20 19:44:05.691
2026-07-18,19,20.79,A2,A2_prdemcad_20260701_20260731,3,2026-07-20 19:44:05.691
2026-07-18,20,15.94,A2,A2_prdemcad_20260701_20260731,3,2026-07-20 19:44:05.691
2026-07-18,21,17.36,A2,A2_prdemcad_20260701_20260731,3,2026-07-20 19:44:05.691
2026-07-18,22,19.13,A2,A2_prdemcad_20260701_20260731,3,2026-07-20 19:44:05.691
2026-07-18,23,20.61,A2,A2_prdemcad_20260701_20260731,3,2026-07-20 19:44:05.691
2026-07-18,24,17.81,A2,A2_prdemcad_20260701_20260731,3,2026-07-20 19:44:05.691
2026-07-19,1,4.87,A2,A2_prdemcad_20260701_20260731,3,2026-07-20 19:44:05.691
2026-07-19,2,5.8,A2,A2_prdemcad_20260701_20260731,3,2026-07-20 19:44:05.691
2026-07-19,3,6.93,A2,A2_prdemcad_20260701_20260731,3,2026-07-20 19:44:05.691
2026-07-19,4,6.12,A2,A2_prdemcad_20260701_20260731,3,2026-07-20 19:44:05.691
2026-07-19,5,7.03,A2,A2_prdemcad_20260701_20260731,3,2026-07-20 19:44:05.691
2026-07-19,6,6.65,A2,A2_prdemcad_20260701_20260731,3,2026-07-20 19:44:05.691
2026-07-19,7,10.46,A2,A2_prdemcad_20260701_20260731,3,2026-07-20 19:44:05.691
2026-07-19,8,20.01,A2,A2_prdemcad_20260701_20260731,3,2026-07-20 19:44:05.691
2026-07-19,9,18.52,A2,A2_prdemcad_20260701_20260731,3,2026-07-20 19:44:05.691
2026-07-19,10,13.96,A2,A2_prdemcad_20260701_20260731,3,2026-07-20 19:44:05.691
2026-07-19,11,14.88,A2,A2_prdemcad_20260701_20260731,3,2026-07-20 19:44:05.691
2026-07-19,12,16.44,A2,A2_prdemcad_20260701_20260731,3,2026-07-20 19:44:05.691
2026-07-19,13,17.16,A2,A2_prdemcad_20260701_20260731,3,2026-07-20 19:44:05.691
2026-07-19,14,19.43,A2,A2_prdemcad_20260701_20260731,3,2026-07-20 19:44:05.691
2026-07-19,15,19.42,A2,A2_prdemcad_20260701_20260731,3,2026-07-20 19:44:05.691
2026-07-19,16,20.96,A2,A2_prdemcad_20260701_20260731,3,2026-07-20 19:44:05.691
2026-07-19,17,21.33,A2,A2_prdemcad_20260701_20260731,3,2026-07-20 19:44:05.691
2026-07-19,18,20.45,A2,A2_prdemcad_20260701_20260731,3,2026-07-20 19:44:05.691
2026-07-19,19,20.2,A2,A2_prdemcad_20260701_20260731,3,2026-07-20 19:44:05.691
2026-07-19,20,16.47,A2,A2_prdemcad_20260701_20260731,3,2026-07-20 19:44:05.691
2026-07-19,21,17.88,A2,A2_prdemcad_20260701_20260731,3,2026-07-20 19:44:05.691
2026-07-19,22,20.51,A2,A2_prdemcad_20260701_20260731,3,2026-07-20 19:44:05.691
2026-07-19,23,28.35,A2,A2_prdemcad_20260701_20260731,3,2026-07-20 19:44:05.691
2026-07-19,24,26.98,A2,A2_prdemcad_20260701_20260731,3,2026-07-20 19:44:05.691
2026-07-20,1,6.94,A2,A2_prdemcad_20260701_20260731,3,2026-07-20 19:44:05.691
2026-07-20,2,7.73,A2,A2_prdemcad_20260701_20260731,3,2026-07-20 19:44:05.691
2026-07-20,3,8.01,A2,A2_prdemcad_20260701_20260731,3,2026-07-20 19:44:05.691
2026-07-20,4,8.39,A2,A2_prdemcad_20260701_20260731,3,2026-07-20 19:44:05.691
2026-07-20,5,8.45,A2,A2_prdemcad_20260701_20260731,3,2026-07-20 19:44:05.691
2026-07-20,6,11.77,A2,A2_prdemcad_20260701_20260731,3,2026-07-20 19:44:05.691
2026-07-20,7,21.66,A2,A2_prdemcad_20260701_20260731,3,2026-07-20 19:44:05.691
2026-07-20,8,21.22,A2,A2_prdemcad_20260701_20260731,3,2026-07-20 19:44:05.691
2026-07-20,9,13.3,A2,A2_prdemcad_20260701_20260731,3,2026-07-20 19:44:05.691
2026-07-20,10,12.76,A2,A2_prdemcad_20260701_20260731,3,2026-07-20 19:44:05.691
2026-07-20,11,12.24,A2,A2_prdemcad_20260701_20260731,3,2026-07-20 19:44:05.691
2026-07-20,12,13.49,A2,A2_prdemcad_20260701_20260731,3,2026-07-20 19:44:05.691
2026-07-20,13,13.36,A2,A2_prdemcad_20260701_20260731,3,2026-07-20 19:44:05.691
2026-07-20,14,13.03,A2,A2_prdemcad_20260701_20260731,3,2026-07-20 19:44:05.691
2026-07-20,15,13.12,A2,A2_prdemcad_20260701_20260731,3,2026-07-20 19:44:05.691
2026-07-20,16,13.87,A2,A2_prdemcad_20260701_20260731,3,2026-07-20 19:44:05.691
2026-07-20,17,13.32,A2,A2_prdemcad_20260701_20260731,3,2026-07-20 19:44:05.691
2026-07-20,18,15.2,A2,A2_prdemcad_20260701_20260731,3,2026-07-20 19:44:05.691
2026-07-20,19,13.85,A2,A2_prdemcad_20260701_20260731,3,2026-07-20 19:44:05.691
2026-07-20,20,15.09,A2,A2_prdemcad_20260701_20260731,3,2026-07-20 19:44:05.691
2026-07-20,21,17.14,A2,A2_prdemcad_20260701_20260731,3,2026-07-20 19:44:05.691
2026-07-20,22,20.65,A2,A2_prdemcad_20260701_20260731,3,2026-07-20 19:44:05.691
2026-07-20,23,20.92,A2,A2_prdemcad_20260701_20260731,3,2026-07-20 19:44:05.691
2026-07-20,24,18.38,A2,A2_prdemcad_20260701_20260731,3,2026-07-20 19:44:05.691
